step,ep,r1,l1,raw_ly,raw_lx,raw_r2,raw_l2,r2_ready,l2_ready,act0,act1,act2,contact,progress,paused,shielded,cmd_z,meas_x,meas_y,meas_z
0,0,0,0,-0.008,0.000,0.000,0.000,0,0,0.000,0.000,0.000,0,0.000,0,0,0.0623,0.2494,-0.0046,0.0624
1,0,0,0,-0.008,0.000,0.000,0.000,0,0,0.000,0.000,0.000,0,0.000,0,0,0.0623,0.2496,-0.0050,0.0623
2,0,0,0,-0.008,0.000,0.000,0.000,0,0,0.000,0.000,0.000,0,0.000,0,0,0.0623,0.2496,-0.0050,0.0622
3,0,0,0,-0.008,0.000,0.000,0.000,0,0,0.000,0.000,0.000,0,0.000,0,0,0.0623,0.2496,-0.0051,0.0622
4,0,0,0,-0.008,0.000,0.000,0.000,0,0,0.000,0.000,0.000,0,0.000,0,0,0.0623,0.2496,-0.0051,0.0622
5,0,0,0,-0.008,0.000,0.000,0.000,0,0,0.000,0.000,0.000,0,0.000,0,0,0.0623,0.2496,-0.0051,0.0622
6,0,0,0,-0.008,0.000,0.000,0.000,0,0,0.000,0.000,0.000,0,0.000,0,0,0.0623,0.2496,-0.0051,0.0622
7,0,0,0,-0.008,0.000,0.000,0.000,0,0,0.000,0.000,0.000,0,0.000,0,0,0.0623,0.2496,-0.0051,0.0622
8,0,0,0,-0.008,0.000,0.000,0.000,0,0,0.000,0.000,0.000,0,0.000,0,0,0.0623,0.2496,-0.0051,0.0622
9,0,0,0,-0.008,0.000,0.000,0.000,0,0,0.000,0.000,0.000,0,0.000,0,0,0.0623,0.2496,-0.0051,0.0622
10,0,0,0,-0.008,0.000,0.000,0.000,0,0,0.000,0.000,0.000,0,0.000,0,0,0.0623,0.2496,-0.0051,0.0622
11,0,0,0,-0.008,0.000,0.000,0.000,0,0,0.000,0.000,0.000,0,0.000,0,0,0.0623,0.2496,-0.0051,0.0622
12,0,0,0,-0.008,0.000,0.000,0.000,0,0,0.000,0.000,0.000,0,0.000,0,0,0.0623,0.2496,-0.0051,0.0622
13,0,0,0,-0.008,0.000,0.000,0.000,0,0,0.000,0.000,0.000,0,0.000,0,0,0.0623,0.2496,-0.0051,0.0622
14,0,0,0,-0.008,0.000,0.000,0.000,0,0,0.000,0.000,0.000,0,0.000,0,0,0.0623,0.2497,-0.0051,0.0622
15,0,0,0,-0.008,0.000,0.000,0.000,0,0,0.000,0.000,0.000,0,0.000,0,0,0.0623,0.2497,-0.0051,0.0622
16,0,0,0,-0.008,0.000,0.000,0.000,0,0,0.000,0.000,0.000,0,0.000,0,0,0.0623,0.2497,-0.0051,0.0622
17,0,0,0,-0.008,0.000,0.000,0.000,0,0,0.000,0.000,0.000,0,0.000,0,0,0.0623,0.2497,-0.0051,0.0622
18,0,0,0,-0.008,0.000,0.000,0.000,0,0,0.000,0.000,0.000,0,0.000,0,0,0.0623,0.2497,-0.0051,0.0622
19,0,0,0,-0.008,0.000,0.000,0.000,0,0,0.000,0.000,0.000,0,0.000,0,0,0.0623,0.2497,-0.0051,0.0622
20,0,0,0,-0.008,0.000,0.000,0.000,0,0,0.000,0.000,0.000,0,0.000,0,0,0.0623,0.2497,-0.0051,0.0622
21,0,0,0,-0.008,0.000,0.000,0.000,0,0,0.000,0.000,0.000,0,0.000,0,0,0.0623,0.2497,-0.0051,0.0622
22,0,0,0,-0.008,0.000,0.000,0.000,0,0,0.000,0.000,0.000,0,0.000,0,0,0.0623,0.2497,-0.0051,0.0622
23,0,0,0,-0.008,0.000,0.000,0.000,0,0,0.000,0.000,0.000,0,0.000,0,0,0.0623,0.2497,-0.0051,0.0622
24,0,0,0,-0.008,0.000,0.000,0.000,0,0,0.000,0.000,0.000,0,0.000,0,0,0.0623,0.2497,-0.0051,0.0622
25,0,0,0,-0.008,0.000,0.000,0.000,0,0,0.000,0.000,0.000,0,0.000,0,0,0.0623,0.2497,-0.0051,0.0622
26,0,0,0,-0.008,0.000,0.000,0.000,0,0,0.000,0.000,0.000,0,0.000,0,0,0.0623,0.2497,-0.0051,0.0622
27,0,0,0,-0.008,0.000,0.000,0.000,0,0,0.000,0.000,0.000,0,0.000,0,0,0.0623,0.2497,-0.0051,0.0622
28,0,0,0,-0.008,0.000,0.000,0.000,0,0,0.000,0.000,0.000,0,0.000,0,0,0.0623,0.2497,-0.0051,0.0622
29,0,0,0,-0.008,0.000,0.000,0.000,0,0,0.000,0.000,0.000,0,0.000,0,0,0.0623,0.2497,-0.0051,0.0622
30,0,0,0,-0.008,0.000,0.000,0.000,0,0,0.000,0.000,0.000,0,0.000,0,0,0.0623,0.2497,-0.0051,0.0622
31,0,0,0,0.016,-0.039,0.000,0.000,0,0,0.000,0.000,0.000,0,0.000,0,0,0.0623,0.2497,-0.0051,0.0622
32,0,0,0,0.016,-0.039,0.000,0.000,0,0,0.000,0.000,0.000,0,0.000,0,0,0.0623,0.2497,-0.0051,0.0622
33,0,0,0,0.016,-0.039,0.000,0.000,0,0,0.000,0.000,0.000,0,0.000,0,0,0.0623,0.2497,-0.0051,0.0622
34,0,0,0,0.016,-0.039,0.000,0.000,0,0,0.000,0.000,0.000,0,0.000,0,0,0.0623,0.2497,-0.0051,0.0622
35,0,0,0,0.008,-0.039,0.000,0.000,0,0,0.000,0.000,0.000,0,0.000,0,0,0.0623,0.2497,-0.0051,0.0622
36,0,1,0,0.000,-0.039,0.000,0.000,0,0,-0.000,0.000,0.000,0,0.200,0,0,0.0614,0.2497,-0.0050,0.0622
37,0,1,0,0.000,-0.039,0.000,0.000,0,0,-0.000,0.000,0.000,0,0.400,0,0,0.0605,0.2495,-0.0050,0.0613
38,0,1,0,0.000,-0.039,0.000,0.000,0,0,-0.000,0.000,0.000,0,0.600,0,0,0.0595,0.2493,-0.0048,0.0603
39,0,1,0,0.000,-0.039,0.000,0.000,0,0,-0.000,0.000,0.000,0,0.800,0,0,0.0586,0.2491,-0.0047,0.0594
40,0,1,0,0.000,-0.039,0.000,0.000,0,0,-0.000,0.000,0.000,0,1.000,0,0,0.0576,0.2490,-0.0046,0.0585
41,0,1,0,0.000,-0.039,0.000,0.000,0,0,-0.000,0.000,0.000,0,1.000,0,0,0.0576,0.2489,-0.0045,0.0577
42,0,1,0,0.000,-0.039,0.000,0.000,0,0,-0.000,0.000,0.000,0,1.000,0,0,0.0576,0.2489,-0.0045,0.0576
43,0,1,0,0.000,-0.039,0.000,0.000,0,0,-0.000,0.000,0.000,0,1.000,0,0,0.0576,0.2489,-0.0045,0.0576
44,0,1,0,0.000,-0.039,0.000,0.000,0,0,-0.000,0.000,0.000,0,1.000,0,0,0.0576,0.2490,-0.0045,0.0577
45,0,1,0,0.000,-0.039,0.000,0.000,0,0,-0.000,0.000,0.000,0,1.000,0,0,0.0576,0.2490,-0.0046,0.0577
46,0,1,0,0.000,-0.039,0.000,0.000,0,0,-0.000,0.000,0.000,0,1.000,0,0,0.0576,0.2490,-0.0046,0.0577
47,0,1,0,0.000,-0.024,0.000,0.000,0,0,-0.000,0.000,0.000,0,1.000,0,0,0.0576,0.2490,-0.0046,0.0577
48,0,1,0,0.000,0.008,0.000,0.000,0,0,-0.000,0.000,0.000,0,1.000,0,0,0.0576,0.2490,-0.0046,0.0577
49,0,1,0,-0.173,0.449,0.000,0.000,0,0,-0.000,0.265,0.000,0,1.000,0,0,0.0576,0.2490,-0.0045,0.0577
50,0,1,0,-0.213,0.543,0.000,0.000,0,0,-0.000,0.391,0.000,0,1.000,0,0,0.0576,0.2490,-0.0038,0.0578
51,0,1,0,-0.032,0.008,0.000,0.000,0,0,-0.000,0.000,0.000,0,1.000,0,0,0.0576,0.2492,-0.0034,0.0579
52,0,1,0,-0.008,-0.008,0.000,0.000,0,0,-0.000,0.000,0.000,0,1.000,0,0,0.0576,0.2491,-0.0032,0.0579
53,0,1,0,0.024,-0.008,0.000,0.000,0,0,-0.000,0.000,0.000,0,1.000,0,0,0.0576,0.2491,-0.0032,0.0579
54,0,1,0,0.024,-0.008,0.000,0.000,0,0,-0.000,0.000,0.000,0,1.000,0,0,0.0576,0.2491,-0.0032,0.0579
55,0,1,0,-0.008,-0.008,0.000,0.000,0,0,-0.000,0.000,0.000,0,1.000,0,0,0.0576,0.2491,-0.0032,0.0579
56,0,1,0,-0.008,-0.016,0.000,0.000,0,0,-0.000,0.000,0.000,0,1.000,0,0,0.0576,0.2491,-0.0032,0.0578
57,0,1,0,0.000,-0.039,0.000,0.000,0,0,-0.000,0.000,0.000,0,1.000,0,0,0.0576,0.2491,-0.0032,0.0578
58,0,1,0,-0.016,-0.039,0.000,0.000,0,0,-0.000,0.000,0.000,0,1.000,0,0,0.0576,0.2491,-0.0032,0.0578
59,0,1,0,-0.016,-0.039,0.000,0.000,0,0,-0.000,0.000,0.000,0,1.000,0,0,0.0576,0.2491,-0.0032,0.0578
60,0,1,0,-0.016,-0.039,0.000,0.000,0,0,-0.000,0.000,0.000,0,1.000,0,0,0.0576,0.2491,-0.0032,0.0578
61,0,1,0,-0.039,-0.008,0.000,0.000,0,0,-0.000,0.000,0.000,0,1.000,0,0,0.0576,0.2491,-0.0032,0.0578
62,0,1,0,-0.047,0.000,0.000,0.000,0,0,-0.000,0.000,0.000,0,1.000,0,0,0.0576,0.2491,-0.0032,0.0578
63,0,1,0,0.008,-0.008,0.000,0.000,0,0,-0.000,0.000,0.000,0,1.000,0,0,0.0576,0.2491,-0.0032,0.0578
64,0,1,0,-0.024,0.016,0.000,0.000,0,0,-0.000,0.000,0.000,0,1.000,0,0,0.0576,0.2491,-0.0032,0.0578
65,0,1,0,-0.024,0.008,0.000,0.000,0,0,-0.000,0.000,0.000,0,1.000,0,0,0.0576,0.2491,-0.0032,0.0578
66,0,1,0,0.008,-0.055,0.000,0.000,0,0,-0.000,0.000,0.000,0,1.000,0,0,0.0576,0.2491,-0.0032,0.0578
67,0,1,0,0.016,-0.055,0.000,0.000,0,0,-0.000,0.000,0.000,0,1.000,0,0,0.0576,0.2491,-0.0032,0.0578
68,0,1,0,0.016,-0.055,0.000,0.000,0,0,-0.000,0.000,0.000,0,1.000,0,0,0.0576,0.2491,-0.0032,0.0578
69,0,1,0,0.016,-0.055,0.000,0.000,0,0,-0.000,0.000,0.000,0,1.000,0,0,0.0576,0.2491,-0.0032,0.0578
70,0,1,0,-0.032,-0.016,0.000,0.000,0,0,-0.000,0.000,0.000,0,1.000,0,0,0.0576,0.2491,-0.0032,0.0578
71,0,1,0,-0.008,-0.016,0.000,0.000,0,0,-0.000,0.000,0.000,0,1.000,0,0,0.0576,0.2491,-0.0032,0.0578
72,0,1,0,0.000,-0.039,0.000,0.000,0,0,-0.000,0.000,0.000,0,1.000,0,0,0.0576,0.2491,-0.0032,0.0578
73,0,1,0,0.000,-0.039,0.000,0.000,0,0,-0.000,0.000,0.000,0,1.000,0,0,0.0576,0.2491,-0.0032,0.0578
74,0,1,0,0.000,-0.039,0.000,0.000,0,0,-0.000,0.000,0.000,0,1.000,0,0,0.0576,0.2491,-0.0032,0.0578
75,0,1,0,0.000,-0.039,0.000,0.000,0,0,-0.000,0.000,0.000,0,1.000,0,0,0.0576,0.2491,-0.0032,0.0578
76,0,1,0,0.000,-0.032,0.000,0.000,0,0,-0.000,0.000,0.000,0,1.000,0,0,0.0576,0.2491,-0.0032,0.0578
77,0,1,0,-0.016,-0.032,0.000,0.000,0,0,-0.000,0.000,0.000,0,1.000,0,0,0.0576,0.2491,-0.0032,0.0578
78,0,1,0,0.016,-0.032,0.000,0.000,0,0,-0.000,0.000,0.000,0,1.000,0,0,0.0576,0.2491,-0.0032,0.0578
79,0,1,0,0.000,-0.032,0.000,0.000,0,0,-0.000,0.000,0.000,0,1.000,0,0,0.0576,0.2491,-0.0032,0.0578
80,0,1,0,0.000,-0.032,0.000,0.000,0,0,-0.000,0.000,0.000,0,1.000,0,0,0.0576,0.2491,-0.0032,0.0578
81,0,1,0,0.000,-0.032,0.000,0.000,0,0,-0.000,0.000,0.000,0,1.000,0,0,0.0576,0.2491,-0.0032,0.0578
82,0,1,0,0.000,-0.032,0.000,0.000,0,0,-0.000,0.000,0.000,0,1.000,0,0,0.0576,0.2491,-0.0032,0.0578
83,0,1,0,0.000,-0.039,0.000,0.000,0,0,-0.000,0.000,0.000,0,1.000,0,0,0.0576,0.2491,-0.0032,0.0578
84,0,1,0,0.000,-0.039,0.000,0.000,0,0,-0.000,0.000,0.000,0,1.000,0,0,0.0576,0.2491,-0.0032,0.0578
85,0,1,0,0.000,-0.039,0.000,0.000,0,0,-0.000,0.000,0.000,0,1.000,0,0,0.0576,0.2491,-0.0032,0.0578
86,0,1,0,0.000,-0.032,0.000,-0.992,0,1,-0.000,0.000,0.000,0,1.000,0,0,0.0576,0.2491,-0.0032,0.0578
87,0,1,0,0.000,-0.032,0.000,-0.520,0,1,-0.000,0.000,-0.174,0,1.000,0,0,0.0576,0.2491,-0.0032,0.0578
88,0,1,0,0.000,-0.032,0.000,-0.402,0,1,-0.000,0.000,-0.238,0,1.000,0,0,0.0576,0.2491,-0.0032,0.0578
89,0,1,0,0.000,-0.039,0.000,-0.189,0,1,-0.000,0.000,-0.354,0,1.000,0,0,0.0576,0.2491,-0.0032,0.0578
90,0,1,0,0.000,-0.032,0.000,0.244,0,1,-0.000,0.000,-0.589,0,1.000,0,0,0.0576,0.2492,-0.0032,0.0578
91,0,1,0,0.000,-0.032,0.000,0.244,0,1,-0.000,0.000,-0.589,0,1.000,0,0,0.0576,0.2492,-0.0033,0.0578
92,0,1,0,0.000,-0.032,0.000,0.850,0,1,-0.000,0.000,-0.919,0,1.000,0,0,0.0576,0.2493,-0.0034,0.0578
93,0,1,0,0.000,-0.032,0.000,0.937,0,1,-0.000,0.000,-0.966,0,1.000,0,0,0.0576,0.2494,-0.0035,0.0577
94,0,1,0,0.000,-0.039,0.000,0.992,0,1,-0.000,0.000,-0.996,0,1.000,0,0,0.0576,0.2496,-0.0036,0.0577
95,0,1,0,0.000,-0.032,0.000,1.000,0,1,-0.000,0.000,-1.000,0,1.000,0,0,0.0576,0.2497,-0.0037,0.0576
96,0,1,0,0.000,-0.032,0.000,1.000,0,1,-0.000,0.000,-1.000,0,1.000,0,0,0.0576,0.2499,-0.0039,0.0576
97,0,1,0,0.000,0.000,0.000,0.693,0,1,-0.000,0.000,-0.833,0,1.000,0,0,0.0576,0.2500,-0.0040,0.0575
98,0,1,0,0.000,0.047,0.000,0.921,0,1,-0.000,0.000,-0.957,0,1.000,0,0,0.0576,0.2501,-0.0041,0.0575
99,0,1,0,0.000,0.047,0.000,1.000,0,1,-0.000,0.000,-1.000,0,1.000,0,0,0.0576,0.2503,-0.0043,0.0575
100,0,1,0,0.000,0.055,0.000,1.000,0,1,-0.000,0.000,-1.000,0,1.000,0,0,0.0576,0.2504,-0.0044,0.0574
101,0,1,0,0.000,0.236,0.000,0.992,0,1,-0.000,0.000,-0.996,0,1.000,0,0,0.0576,0.2506,-0.0046,0.0573
102,0,1,0,0.000,0.236,0.000,1.000,0,1,-0.000,0.000,-1.000,0,1.000,0,0,0.0576,0.2507,-0.0047,0.0573
103,0,1,0,0.000,0.260,0.000,1.000,0,1,-0.000,0.013,-1.000,0,1.000,0,0,0.0576,0.2509,-0.0049,0.0572
104,0,1,0,0.000,0.669,0.000,1.000,0,1,-0.000,0.559,-1.000,0,1.000,0,0,0.0576,0.2511,-0.0046,0.0572
105,0,1,0,0.000,0.465,0.000,1.000,0,1,-0.000,0.286,-1.000,0,1.000,0,0,0.0576,0.2514,-0.0038,0.0572
106,0,1,0,0.000,0.441,0.000,1.000,0,1,-0.000,0.255,-1.000,0,1.000,0,0,0.0576,0.2516,-0.0035,0.0574
107,0,1,0,0.000,0.441,0.000,1.000,0,1,-0.000,0.255,-1.000,0,1.000,0,0,0.0576,0.2518,-0.0031,0.0575
108,0,1,0,0.000,0.441,0.000,1.000,0,1,-0.000,0.255,-1.000,0,1.000,0,0,0.0576,0.2520,-0.0026,0.0575
109,0,1,0,0.000,0.409,0.000,1.000,0,1,-0.000,0.213,-1.000,0,1.000,0,0,0.0576,0.2522,-0.0023,0.0576
110,0,1,0,0.008,0.055,0.000,1.000,0,1,-0.000,0.000,-1.000,0,1.000,0,0,0.0576,0.2523,-0.0021,0.0576
111,0,1,0,0.016,0.039,0.000,1.000,0,1,-0.000,0.000,-1.000,0,1.000,0,0,0.0576,0.2525,-0.0021,0.0576
112,0,1,0,0.016,0.008,0.000,1.000,0,1,-0.000,0.000,-1.000,0,1.000,0,0,0.0576,0.2526,-0.0022,0.0575
113,0,1,0,0.016,-0.016,0.000,1.000,0,1,-0.000,0.000,-1.000,0,1.000,0,0,0.0576,0.2527,-0.0023,0.0575
114,0,1,0,0.008,-0.008,0.000,0.992,0,1,-0.000,0.000,-0.996,0,1.000,0,0,0.0576,0.2528,-0.0024,0.0574
115,0,1,0,0.008,0.079,0.000,0.992,0,1,-0.000,0.000,-0.996,0,1.000,0,0,0.0576,0.2530,-0.0026,0.0573
116,0,1,0,0.000,0.110,0.000,1.000,0,1,-0.000,0.000,-1.000,0,1.000,0,0,0.0576,0.2531,-0.0027,0.0573
117,0,1,0,0.000,0.409,0.000,1.000,0,1,-0.000,0.213,-1.000,0,1.000,0,0,0.0576,0.2533,-0.0027,0.0573
118,0,1,0,0.024,0.362,0.000,1.000,0,1,-0.000,0.150,-1.000,0,1.000,0,0,0.0576,0.2535,-0.0025,0.0572
119,0,1,0,0.008,0.008,0.000,1.000,0,1,-0.000,0.000,-1.000,0,1.000,0,0,0.0576,0.2537,-0.0023,0.0572
120,0,1,0,0.000,0.008,0.000,1.000,0,1,-0.000,0.000,-1.000,0,1.000,0,0,0.0576,0.2538,-0.0024,0.0572
121,0,1,0,-0.032,0.094,0.000,1.000,0,1,-0.000,0.000,-1.000,0,1.000,0,0,0.0576,0.2540,-0.0026,0.0573
122,0,1,0,-0.158,0.252,0.000,1.000,0,1,-0.000,0.003,-1.000,0,1.000,0,0,0.0576,0.2541,-0.0027,0.0572
123,0,1,0,-0.197,0.260,0.000,1.000,0,1,-0.000,0.013,-1.000,0,1.000,0,0,0.0576,0.2542,-0.0028,0.0571
124,0,1,0,-0.189,0.260,0.000,1.000,0,1,-0.000,0.013,-1.000,0,1.000,0,0,0.0576,0.2544,-0.0029,0.0570
125,0,1,0,-0.362,0.449,0.000,1.000,0,1,0.150,0.265,-1.000,0,1.000,0,0,0.0576,0.2547,-0.0029,0.0570
126,0,1,0,-0.449,0.559,0.000,1.000,0,1,0.265,0.412,-1.000,0,1.000,0,0,0.0576,0.2554,-0.0024,0.0569
127,0,1,0,-0.118,0.252,0.000,1.000,0,1,-0.000,0.003,-1.000,0,1.000,0,0,0.0576,0.2558,-0.0022,0.0570
128,0,1,0,0.063,0.000,0.000,1.000,0,1,-0.000,0.000,-1.000,0,1.000,0,0,0.0576,0.2558,-0.0022,0.0570
129,0,1,0,0.701,-0.024,0.000,1.000,0,1,-0.601,0.000,-1.000,0,1.000,0,0,0.0576,0.2557,-0.0022,0.0570
130,0,1,0,1.000,-0.032,0.000,1.000,0,1,-1.000,0.000,-1.000,0,1.000,0,0,0.0576,0.2545,-0.0025,0.0569
131,0,1,0,1.000,0.000,0.000,1.000,0,1,-1.000,0.000,-1.000,0,1.000,0,0,0.0576,0.2524,-0.0027,0.0571
132,0,1,0,0.520,0.071,0.000,1.000,0,1,-0.360,0.000,-1.000,0,1.000,0,0,0.0576,0.2508,-0.0029,0.0575
133,0,1,0,0.472,0.055,0.000,1.000,0,1,-0.297,0.000,-1.000,0,1.000,0,0,0.0576,0.2502,-0.0031,0.0576
134,0,1,0,0.646,0.047,0.000,1.000,0,1,-0.528,0.000,-1.000,0,1.000,0,0,0.0576,0.2494,-0.0033,0.0576
135,0,1,0,0.488,0.110,0.000,1.000,0,1,-0.318,0.000,-1.000,0,1.000,0,0,0.0576,0.2485,-0.0035,0.0576
136,0,1,0,0.024,0.031,0.000,0.780,0,1,-0.000,0.000,-0.880,0,1.000,0,0,0.0576,0.2483,-0.0037,0.0576
137,0,1,0,0.008,0.024,0.000,-1.000,0,1,-0.000,0.000,0.000,0,1.000,0,0,0.0576,0.2483,-0.0037,0.0576
138,0,1,0,0.008,-0.008,0.000,-1.000,0,1,-0.000,0.000,0.000,0,1.000,0,0,0.0576,0.2483,-0.0037,0.0576
139,0,1,0,0.008,-0.016,0.000,-1.000,0,1,-0.000,0.000,0.000,0,1.000,0,0,0.0576,0.2483,-0.0037,0.0576
140,0,1,0,0.008,-0.016,0.000,-1.000,0,1,-0.000,0.000,0.000,0,1.000,0,0,0.0576,0.2483,-0.0037,0.0576
141,0,1,0,0.008,-0.016,0.000,0.283,0,1,-0.000,0.000,-0.611,0,1.000,0,0,0.0576,0.2483,-0.0037,0.0576
142,0,1,0,0.008,-0.016,0.000,0.937,0,1,-0.000,0.000,-0.966,0,1.000,0,0,0.0576,0.2484,-0.0037,0.0576
143,0,1,0,0.008,-0.016,0.000,1.000,0,1,-0.000,0.000,-1.000,0,1.000,0,0,0.0576,0.2483,-0.0039,0.0576
144,0,1,0,0.008,-0.016,0.000,0.992,0,1,-0.000,0.000,-0.996,0,1.000,0,0,0.0576,0.2484,-0.0040,0.0576
145,0,1,0,0.008,-0.016,0.000,0.968,0,1,-0.000,0.000,-0.983,0,1.000,0,0,0.0576,0.2485,-0.0041,0.0575
146,0,1,0,0.008,-0.016,0.000,0.984,0,1,-0.000,0.000,-0.991,0,1.000,0,0,0.0576,0.2486,-0.0043,0.0575
147,0,1,0,0.008,-0.016,0.000,0.984,0,1,-0.000,0.000,-0.991,0,1.000,0,0,0.0576,0.2487,-0.0044,0.0574
148,0,1,0,0.008,-0.016,0.000,1.000,0,1,-0.000,0.000,-1.000,0,1.000,0,0,0.0576,0.2489,-0.0045,0.0574
149,0,1,0,0.008,-0.016,0.000,-1.000,0,1,-0.000,0.000,0.000,0,1.000,0,0,0.0576,0.2489,-0.0046,0.0573
150,0,1,0,0.008,-0.016,0.000,-1.000,0,1,-0.000,0.000,0.000,0,1.000,0,0,0.0576,0.2489,-0.0046,0.0573
151,0,1,0,0.008,-0.016,0.000,-1.000,0,1,-0.000,0.000,0.000,0,1.000,0,0,0.0576,0.2489,-0.0046,0.0573
152,0,1,0,0.008,-0.016,0.000,-1.000,0,1,-0.000,0.000,0.000,0,1.000,0,0,0.0576,0.2489,-0.0046,0.0573
153,0,1,0,0.008,-0.016,0.000,-1.000,0,1,-0.000,0.000,0.000,0,1.000,0,0,0.0576,0.2489,-0.0046,0.0573
154,0,1,0,0.008,-0.016,0.000,-1.000,0,1,-0.000,0.000,0.000,0,1.000,0,0,0.0576,0.2489,-0.0046,0.0573
155,0,1,0,0.008,-0.016,0.000,-1.000,0,1,-0.000,0.000,0.000,0,1.000,0,0,0.0576,0.2489,-0.0046,0.0573
156,1,0,0,0.008,-0.016,0.000,-1.000,0,1,0.000,0.000,0.000,0,0.000,0,0,0.0574,0.2493,-0.0049,0.0619
157,1,0,0,0.008,-0.016,0.000,-1.000,0,1,0.000,0.000,0.000,0,0.000,0,0,0.0574,0.2489,-0.0047,0.0579
158,1,0,0,0.008,-0.016,0.000,-1.000,0,1,0.000,0.000,0.000,0,0.000,0,0,0.0574,0.2493,-0.0050,0.0569
159,1,0,0,0.008,-0.016,0.000,-1.000,0,1,0.000,0.000,0.000,0,0.000,0,0,0.0574,0.2493,-0.0051,0.0571
160,1,0,0,0.008,-0.016,0.000,-1.000,0,1,0.000,0.000,0.000,0,0.000,0,0,0.0574,0.2492,-0.0051,0.0572
161,1,0,0,0.008,-0.016,0.000,-1.000,0,1,0.000,0.000,0.000,0,0.000,0,0,0.0574,0.2492,-0.0051,0.0572
162,1,0,0,0.008,-0.016,0.000,-1.000,0,1,0.000,0.000,0.000,0,0.000,0,0,0.0574,0.2492,-0.0050,0.0571
163,1,1,0,0.008,-0.016,0.000,-1.000,0,1,-0.000,0.000,0.000,0,0.200,0,0,0.0574,0.2493,-0.0051,0.0572
164,1,1,0,0.008,-0.016,0.000,-1.000,0,1,-0.000,0.000,0.000,0,0.400,0,0,0.0575,0.2493,-0.0050,0.0572
165,1,1,0,0.008,-0.016,0.000,-1.000,0,1,-0.000,0.000,0.000,0,0.600,0,0,0.0575,0.2492,-0.0049,0.0572
166,1,1,0,0.008,-0.016,0.000,-1.000,0,1,-0.000,0.000,0.000,0,0.800,0,0,0.0576,0.2492,-0.0048,0.0572
167,1,1,0,0.008,-0.016,0.000,-1.000,0,1,-0.000,0.000,0.000,0,1.000,0,0,0.0576,0.2493,-0.0047,0.0573
168,1,1,0,0.008,-0.016,0.000,-1.000,0,1,-0.000,0.000,0.000,0,1.000,0,0,0.0576,0.2492,-0.0046,0.0573
169,1,1,0,0.008,-0.016,0.000,-1.000,0,1,-0.000,0.000,0.000,0,1.000,0,0,0.0576,0.2492,-0.0046,0.0573
170,1,1,0,0.000,-0.016,0.000,-1.000,0,1,-0.000,0.000,0.000,0,1.000,0,0,0.0576,0.2492,-0.0046,0.0573
171,1,1,0,0.000,-0.016,0.000,-1.000,0,1,-0.000,0.000,0.000,0,1.000,0,0,0.0576,0.2490,-0.0041,0.0572
172,1,1,0,0.000,-0.016,0.000,-1.000,0,1,-0.000,0.000,0.000,0,1.000,0,0,0.0576,0.2492,-0.0044,0.0572
173,1,1,0,0.000,-0.016,0.000,-1.000,0,1,-0.000,0.000,0.000,0,1.000,0,0,0.0576,0.2492,-0.0045,0.0573
174,1,1,0,0.000,-0.016,0.000,-1.000,0,1,-0.000,0.000,0.000,0,1.000,0,0,0.0576,0.2492,-0.0044,0.0571
175,1,1,0,0.000,-0.016,0.000,-1.000,0,1,-0.000,0.000,0.000,0,1.000,0,0,0.0576,0.2492,-0.0043,0.0570
176,1,1,0,0.000,-0.016,0.000,-1.000,0,1,-0.000,0.000,0.000,0,1.000,0,0,0.0576,0.2492,-0.0044,0.0570
177,1,1,0,0.000,-0.016,0.000,-1.000,0,1,-0.000,0.000,0.000,0,1.000,0,0,0.0576,0.2492,-0.0044,0.0569
178,1,1,0,0.000,-0.016,0.000,-1.000,0,1,-0.000,0.000,0.000,0,1.000,0,0,0.0576,0.2491,-0.0043,0.0568
179,1,1,0,0.000,-0.016,0.000,-1.000,0,1,-0.000,0.000,0.000,0,1.000,0,0,0.0576,0.2492,-0.0043,0.0568
180,1,1,0,0.000,-0.016,0.000,-1.000,0,1,-0.000,0.000,0.000,0,1.000,0,0,0.0576,0.2491,-0.0043,0.0568
181,1,1,0,0.000,-0.016,0.000,-1.000,0,1,-0.000,0.000,0.000,0,1.000,0,0,0.0576,0.2492,-0.0043,0.0568
182,1,1,0,0.000,-0.016,0.000,-1.000,0,1,-0.000,0.000,0.000,0,1.000,0,0,0.0576,0.2492,-0.0043,0.0568
183,1,1,0,0.000,-0.016,0.000,-1.000,0,1,-0.000,0.000,0.000,0,1.000,0,0,0.0576,0.2492,-0.0045,0.0568
184,1,1,0,0.000,-0.016,0.000,-1.000,0,1,-0.000,0.000,0.000,0,1.000,0,0,0.0576,0.2492,-0.0046,0.0571
185,1,1,0,0.000,-0.016,0.000,-1.000,0,1,-0.000,0.000,0.000,0,1.000,0,0,0.0576,0.2492,-0.0046,0.0573
186,1,1,0,0.000,-0.016,0.000,-1.000,0,1,-0.000,0.000,0.000,0,1.000,0,0,0.0576,0.2492,-0.0046,0.0573
187,1,0,0,0.000,-0.016,0.000,-1.000,0,1,0.000,0.000,0.000,0,1.000,0,0,0.0576,0.2492,-0.0046,0.0573
188,1,0,0,0.000,-0.016,0.000,-1.000,0,1,0.000,0.000,0.000,0,1.000,0,0,0.0576,0.2492,-0.0046,0.0573
189,1,0,0,0.000,-0.016,0.000,-1.000,0,1,0.000,0.000,0.000,0,1.000,0,0,0.0576,0.2493,-0.0046,0.0573
190,1,0,0,0.000,-0.016,0.000,-1.000,0,1,0.000,0.000,0.000,0,1.000,0,0,0.0576,0.2492,-0.0046,0.0573
191,1,0,0,0.000,-0.016,0.000,-1.000,0,1,0.000,0.000,0.000,0,1.000,0,0,0.0576,0.2492,-0.0046,0.0573
192,1,1,0,0.000,-0.016,0.000,-1.000,0,1,-0.000,0.000,0.000,0,1.000,0,0,0.0576,0.2492,-0.0046,0.0573
193,1,1,0,0.000,-0.016,0.000,-1.000,0,1,-0.000,0.000,0.000,0,1.000,0,0,0.0576,0.2492,-0.0046,0.0573
194,1,1,0,0.000,-0.016,0.000,-1.000,0,1,-0.000,0.000,0.000,0,1.000,0,0,0.0576,0.2492,-0.0046,0.0573
195,1,1,0,0.000,-0.016,0.000,-1.000,0,1,-0.000,0.000,0.000,0,1.000,0,0,0.0576,0.2492,-0.0046,0.0573
196,1,1,0,0.000,-0.016,0.000,-1.000,0,1,-0.000,0.000,0.000,0,1.000,0,0,0.0576,0.2492,-0.0046,0.0573
197,1,1,0,0.000,-0.016,0.000,-1.000,0,1,-0.000,0.000,0.000,0,1.000,0,0,0.0576,0.2492,-0.0046,0.0573
198,1,1,0,0.000,-0.016,0.000,0.968,0,1,-0.000,0.000,-0.983,0,1.000,0,0,0.0576,0.2492,-0.0045,0.0572
199,1,1,0,-0.016,-0.016,0.000,0.984,0,1,-0.000,0.000,-0.991,0,1.000,0,0,0.0576,0.2490,-0.0042,0.0565
200,1,1,0,-0.008,-0.016,0.000,1.000,0,1,-0.000,0.000,-1.000,0,1.000,0,0,0.0576,0.2491,-0.0039,0.0559
201,1,1,0,-0.008,-0.016,0.000,1.000,0,1,-0.000,0.000,-1.000,0,1.000,0,0,0.0576,0.2490,-0.0037,0.0554
202,1,1,0,-0.008,-0.016,0.000,1.000,0,1,-0.000,0.000,-1.000,0,1.000,0,0,0.0576,0.2490,-0.0035,0.0549
203,1,1,0,-0.008,-0.016,0.000,1.000,0,1,-0.000,0.000,-1.000,0,1.000,0,0,0.0576,0.2492,-0.0031,0.0541
204,1,1,0,-0.008,-0.016,0.000,1.000,0,1,-0.000,0.000,-1.000,0,1.000,0,0,0.0576,0.2495,-0.0027,0.0534
205,1,1,0,-0.008,-0.016,0.000,1.000,0,1,-0.000,0.000,-1.000,0,1.000,0,0,0.0576,0.2495,-0.0027,0.0533
206,1,1,0,-0.008,-0.016,0.000,1.000,0,1,-0.000,0.000,-1.000,0,1.000,0,0,0.0576,0.2496,-0.0027,0.0532
207,1,1,0,-0.008,-0.016,0.000,1.000,0,1,-0.000,0.000,-1.000,0,1.000,0,0,0.0576,0.2496,-0.0027,0.0532
208,1,1,0,-0.008,-0.016,0.000,1.000,0,1,-0.000,0.000,-1.000,0,1.000,0,0,0.0576,0.2496,-0.0026,0.0532
209,1,1,0,-0.008,-0.016,0.000,1.000,0,1,-0.000,0.000,-1.000,0,1.000,0,0,0.0576,0.2496,-0.0026,0.0532
210,1,1,0,-0.008,-0.016,0.000,1.000,0,1,-0.000,0.000,-1.000,0,1.000,0,0,0.0576,0.2496,-0.0026,0.0531
211,1,1,0,-0.008,-0.016,0.000,1.000,0,1,-0.000,0.000,-1.000,0,1.000,0,0,0.0576,0.2496,-0.0026,0.0531
212,1,1,0,-0.008,-0.016,0.000,1.000,0,1,-0.000,0.000,-1.000,0,1.000,0,0,0.0576,0.2497,-0.0026,0.0531
213,1,1,0,0.024,-0.016,0.000,1.000,0,1,-0.000,0.000,-1.000,0,1.000,0,0,0.0576,0.2497,-0.0025,0.0531
214,1,1,0,0.031,0.016,0.000,1.000,0,1,-0.000,0.000,-1.000,0,1.000,0,0,0.0576,0.2497,-0.0024,0.0530
215,1,1,0,-0.055,0.110,0.000,1.000,0,1,-0.000,0.000,-1.000,0,1.000,0,0,0.0576,0.2497,-0.0024,0.0530
216,1,1,0,-0.260,0.409,0.000,1.000,0,1,0.013,0.213,-1.000,0,1.000,0,0,0.0576,0.2498,-0.0024,0.0530
217,1,1,0,-0.417,0.488,0.000,1.000,0,1,0.223,0.318,-1.000,0,1.000,0,0,0.0576,0.2498,-0.0024,0.0530
218,1,1,0,-0.417,0.236,0.000,1.000,0,1,0.223,0.000,-1.000,0,1.000,0,0,0.0576,0.2498,-0.0023,0.0530
219,1,1,0,-0.102,0.031,0.000,1.000,0,1,-0.000,0.000,-1.000,0,1.000,0,0,0.0576,0.2499,-0.0023,0.0530
220,1,1,0,-0.039,0.000,0.000,1.000,0,1,-0.000,0.000,-1.000,0,1.000,0,0,0.0576,0.2499,-0.0022,0.0530
221,1,1,0,-0.039,-0.008,0.000,1.000,0,1,-0.000,0.000,-1.000,0,1.000,0,0,0.0576,0.2504,-0.0018,0.0526
222,1,1,0,-0.039,-0.008,0.000,1.000,0,1,-0.000,0.000,-1.000,0,1.000,0,0,0.0576,0.2507,-0.0017,0.0522
223,1,1,0,-0.039,-0.008,0.000,1.000,0,1,-0.000,0.000,-1.000,0,1.000,0,0,0.0576,0.2509,-0.0015,0.0520
224,1,1,0,-0.039,-0.008,0.000,1.000,0,1,-0.000,0.000,-1.000,0,1.000,0,0,0.0576,0.2512,-0.0014,0.0514
225,1,1,0,-0.024,-0.016,0.000,1.000,0,1,-0.000,0.000,-1.000,0,1.000,0,0,0.0576,0.2516,-0.0012,0.0506
226,1,1,0,-0.024,-0.016,0.000,1.000,0,1,-0.000,0.000,-1.000,0,1.000,0,0,0.0576,0.2517,-0.0012,0.0507
227,1,1,0,-0.024,-0.016,0.000,1.000,0,1,-0.000,0.000,-1.000,0,1.000,0,0,0.0576,0.2517,-0.0012,0.0506
228,1,1,0,0.000,-0.016,0.000,1.000,0,1,-0.000,0.000,-1.000,0,1.000,0,0,0.0576,0.2517,-0.0012,0.0507
229,1,1,0,-0.008,-0.016,0.000,1.000,0,1,-0.000,0.000,-1.000,0,1.000,0,0,0.0576,0.2517,-0.0012,0.0507
230,1,1,0,-0.008,-0.016,0.000,1.000,0,1,-0.000,0.000,-1.000,0,1.000,0,0,0.0576,0.2517,-0.0012,0.0507
231,1,1,0,-0.008,-0.016,0.000,1.000,0,1,-0.000,0.000,-1.000,0,1.000,0,0,0.0576,0.2517,-0.0012,0.0507
232,1,1,0,-0.008,-0.016,0.000,1.000,0,1,-0.000,0.000,-1.000,0,1.000,0,0,0.0576,0.2518,-0.0012,0.0507
233,1,1,0,-0.008,-0.016,0.000,1.000,0,1,-0.000,0.000,-1.000,0,1.000,0,0,0.0576,0.2518,-0.0011,0.0507
234,1,1,0,-0.008,-0.016,0.000,1.000,0,1,-0.000,0.000,-1.000,0,1.000,0,0,0.0576,0.2518,-0.0011,0.0507
235,1,1,0,-0.008,-0.016,0.000,1.000,0,1,-0.000,0.000,-1.000,0,1.000,0,0,0.0576,0.2518,-0.0011,0.0507
236,1,1,1,-0.008,-0.016,0.000,1.000,0,1,0.000,0.000,0.000,1,1.000,1,1,0.0576,0.2518,-0.0011,0.0507
237,2,1,0,0.000,-0.016,0.000,-1.000,0,1,-0.000,0.000,0.000,0,0.200,0,0,0.0577,0.2496,-0.0048,0.0616
238,2,1,0,0.000,-0.016,0.000,-1.000,0,1,-0.000,0.000,0.000,0,0.400,0,0,0.0577,0.2499,-0.0038,0.0571
239,2,1,0,0.000,-0.016,0.000,-1.000,0,1,-0.000,0.000,0.000,0,0.600,0,0,0.0577,0.2499,-0.0044,0.0571
240,2,1,0,0.000,-0.016,0.000,-1.000,0,1,-0.000,0.000,0.000,0,0.800,0,0,0.0576,0.2498,-0.0045,0.0574
241,2,1,0,0.000,-0.016,0.000,-1.000,0,1,-0.000,0.000,0.000,0,1.000,0,0,0.0576,0.2496,-0.0046,0.0574
242,2,1,0,0.000,-0.016,0.000,-1.000,0,1,-0.000,0.000,0.000,0,1.000,0,0,0.0576,0.2494,-0.0046,0.0574
243,2,1,0,0.000,-0.016,0.000,-1.000,0,1,-0.000,0.000,0.000,0,1.000,0,0,0.0576,0.2494,-0.0046,0.0574
244,2,1,0,0.000,-0.016,0.000,-1.000,0,1,-0.000,0.000,0.000,0,1.000,0,0,0.0576,0.2494,-0.0046,0.0574
245,2,1,0,0.000,-0.016,0.000,-1.000,0,1,-0.000,0.000,0.000,0,1.000,0,0,0.0576,0.2494,-0.0046,0.0573
246,2,1,0,0.000,-0.016,0.000,-1.000,0,1,-0.000,0.000,0.000,0,1.000,0,0,0.0576,0.2494,-0.0046,0.0573
247,2,1,0,0.000,-0.016,0.000,-1.000,0,1,-0.000,0.000,0.000,0,1.000,0,0,0.0576,0.2494,-0.0046,0.0573
248,2,1,0,0.000,-0.016,0.000,-1.000,0,1,-0.000,0.000,0.000,0,1.000,0,0,0.0576,0.2494,-0.0046,0.0573
249,2,1,0,0.000,-0.016,0.000,-1.000,0,1,-0.000,0.000,0.000,0,1.000,0,0,0.0576,0.2494,-0.0046,0.0573
250,2,1,0,0.000,-0.016,0.000,-0.622,0,1,-0.000,0.000,-0.118,0,1.000,0,0,0.0576,0.2494,-0.0046,0.0573
251,2,1,0,0.000,-0.016,0.000,-0.480,0,1,-0.000,0.000,-0.195,0,1.000,0,0,0.0576,0.2493,-0.0046,0.0572
252,2,1,0,0.000,-0.016,0.000,-0.039,0,1,-0.000,0.000,-0.435,0,1.000,0,0,0.0576,0.2493,-0.0046,0.0570
253,2,1,0,0.000,-0.016,0.000,0.283,0,1,-0.000,0.000,-0.611,0,1.000,0,0,0.0576,0.2493,-0.0045,0.0565
254,2,1,0,0.000,-0.016,0.000,0.291,0,1,-0.000,0.000,-0.615,0,1.000,0,0,0.0576,0.2492,-0.0045,0.0558
255,2,1,0,0.000,-0.016,0.000,0.299,0,1,-0.000,0.000,-0.619,0,1.000,0,0,0.0576,0.2493,-0.0045,0.0553
256,2,1,0,0.000,-0.016,0.000,0.228,0,1,-0.000,0.000,-0.581,0,1.000,0,0,0.0576,0.2493,-0.0045,0.0549
257,2,1,0,0.000,-0.016,0.000,0.236,0,1,-0.000,0.000,-0.585,0,1.000,0,0,0.0576,0.2495,-0.0045,0.0545
258,2,1,0,0.000,-0.016,0.000,0.220,0,1,-0.000,0.000,-0.576,0,1.000,0,0,0.0576,0.2497,-0.0045,0.0541
259,2,1,0,0.000,-0.016,0.000,0.213,0,1,-0.000,0.000,-0.572,0,1.000,0,0,0.0576,0.2498,-0.0044,0.0539
260,2,1,0,0.000,-0.016,0.000,0.220,0,1,-0.000,0.000,-0.576,0,1.000,0,0,0.0576,0.2498,-0.0044,0.0538
261,2,1,0,0.000,-0.016,0.000,0.220,0,1,-0.000,0.000,-0.576,0,1.000,0,0,0.0576,0.2499,-0.0042,0.0536
262,2,1,0,0.000,-0.016,0.000,0.260,0,1,-0.000,0.000,-0.598,0,1.000,0,0,0.0576,0.2500,-0.0039,0.0532
263,2,1,0,0.000,-0.016,0.000,0.268,0,1,-0.000,0.000,-0.602,0,1.000,0,0,0.0576,0.2502,-0.0038,0.0528
264,2,1,0,0.024,0.024,0.000,0.268,0,1,-0.000,0.000,-0.602,0,1.000,0,0,0.0576,0.2502,-0.0038,0.0528
265,2,1,0,0.024,0.039,0.000,0.276,0,1,-0.000,0.000,-0.606,0,1.000,0,0,0.0576,0.2503,-0.0037,0.0527
266,2,1,0,0.016,0.039,0.000,0.276,0,1,-0.000,0.000,-0.606,0,1.000,0,0,0.0576,0.2503,-0.0036,0.0526
267,2,1,0,0.008,0.024,0.000,0.693,0,1,-0.000,0.000,-0.833,0,1.000,0,0,0.0576,0.2505,-0.0036,0.0525
268,2,1,0,0.008,0.016,0.000,0.976,0,1,-0.000,0.000,-0.987,0,1.000,0,0,0.0576,0.2505,-0.0036,0.0525
269,2,1,0,0.008,0.008,0.000,1.000,0,1,-0.000,0.000,-1.000,0,1.000,0,0,0.0576,0.2505,-0.0035,0.0525
270,2,1,0,0.008,0.008,0.000,1.000,0,1,-0.000,0.000,-1.000,0,1.000,0,0,0.0576,0.2507,-0.0035,0.0524
271,2,1,0,0.008,0.008,0.000,1.000,0,1,-0.000,0.000,-1.000,0,1.000,0,0,0.0576,0.2509,-0.0033,0.0522
272,2,1,0,0.008,0.008,0.000,1.000,0,1,-0.000,0.000,-1.000,0,1.000,0,0,0.0576,0.2509,-0.0032,0.0522
273,2,1,0,0.000,0.008,0.000,1.000,0,1,-0.000,0.000,-1.000,0,1.000,0,0,0.0576,0.2510,-0.0032,0.0521
274,2,1,0,0.000,0.016,0.000,1.000,0,1,-0.000,0.000,-1.000,0,1.000,0,0,0.0576,0.2510,-0.0032,0.0521
275,2,1,0,0.000,0.039,0.000,1.000,0,1,-0.000,0.000,-1.000,0,1.000,0,0,0.0576,0.2512,-0.0030,0.0520
276,2,1,0,0.000,0.079,0.000,1.000,0,1,-0.000,0.000,-1.000,0,1.000,0,0,0.0576,0.2517,-0.0026,0.0513
277,2,1,0,0.000,0.079,0.000,1.000,0,1,-0.000,0.000,-1.000,0,1.000,0,0,0.0576,0.2517,-0.0026,0.0513
278,2,1,0,0.000,0.087,0.000,1.000,0,1,-0.000,0.000,-1.000,0,1.000,0,0,0.0576,0.2518,-0.0025,0.0512
279,2,1,0,0.000,0.079,0.000,1.000,0,1,-0.000,0.000,-1.000,0,1.000,0,0,0.0576,0.2518,-0.0025,0.0512
280,2,1,0,0.000,0.016,0.000,1.000,0,1,-0.000,0.000,-1.000,0,1.000,0,0,0.0576,0.2518,-0.0025,0.0512
281,2,1,0,0.024,0.008,0.000,1.000,0,1,-0.000,0.000,-1.000,0,1.000,0,0,0.0576,0.2518,-0.0025,0.0512
282,2,1,0,0.063,-0.024,0.000,1.000,0,1,-0.000,0.000,-1.000,0,1.000,0,0,0.0576,0.2518,-0.0025,0.0512
283,2,1,0,0.181,-0.039,0.000,1.000,0,1,-0.000,0.000,-1.000,0,1.000,0,0,0.0576,0.2518,-0.0025,0.0512
284,2,1,0,0.661,-0.102,0.000,1.000,0,1,-0.549,0.000,-1.000,0,1.000,0,0,0.0576,0.2519,-0.0024,0.0512
285,2,1,0,0.638,-0.102,0.000,1.000,0,1,-0.517,0.000,-1.000,0,1.000,0,0,0.0576,0.2519,-0.0024,0.0512
286,2,1,0,0.228,-0.071,0.000,1.000,0,1,-0.000,0.000,-1.000,0,1.000,0,0,0.0576,0.2519,-0.0024,0.0512
287,2,1,0,0.031,-0.063,0.000,1.000,0,1,-0.000,0.000,-1.000,0,1.000,0,0,0.0576,0.2519,-0.0024,0.0512
288,2,1,0,0.024,-0.063,0.000,1.000,0,1,-0.000,0.000,-1.000,0,1.000,0,0,0.0576,0.2519,-0.0024,0.0512
289,2,1,0,0.016,-0.063,0.000,1.000,0,1,-0.000,0.000,-1.000,0,1.000,0,0,0.0576,0.2519,-0.0024,0.0512
290,2,1,0,0.016,-0.063,0.000,1.000,0,1,-0.000,0.000,-1.000,0,1.000,0,0,0.0576,0.2519,-0.0024,0.0512
291,2,1,1,0.016,-0.063,0.000,1.000,0,1,0.000,0.000,0.000,1,1.000,1,1,0.0576,0.2519,-0.0024,0.0512
292,3,1,0,0.016,-0.063,0.000,-1.000,0,1,-0.000,0.000,0.000,0,0.200,0,0,0.0597,0.2496,-0.0050,0.0621
293,3,1,0,0.016,-0.063,0.000,-1.000,0,1,-0.000,0.000,0.000,0,0.400,0,0,0.0592,0.2496,-0.0044,0.0591
294,3,1,0,0.016,-0.063,0.000,-1.000,0,1,-0.000,0.000,0.000,0,0.600,0,0,0.0587,0.2496,-0.0047,0.0587
295,3,1,0,0.016,-0.063,0.000,-1.000,0,1,-0.000,0.000,0.000,0,0.800,0,0,0.0582,0.2495,-0.0046,0.0586
296,3,1,0,0.016,-0.063,0.000,-1.000,0,1,-0.000,0.000,0.000,0,1.000,0,0,0.0576,0.2493,-0.0046,0.0581
297,3,1,0,0.016,-0.063,0.000,-1.000,0,1,-0.000,0.000,0.000,0,1.000,0,0,0.0576,0.2492,-0.0046,0.0577
298,3,1,0,0.016,-0.063,0.000,0.315,0,1,-0.000,0.000,-0.628,0,1.000,0,0,0.0576,0.2492,-0.0046,0.0576
299,3,1,0,0.016,-0.063,0.000,0.945,0,1,-0.000,0.000,-0.970,0,1.000,0,0,0.0576,0.2494,-0.0047,0.0575
300,3,1,0,0.016,-0.063,0.000,0.992,0,1,-0.000,0.000,-0.996,0,1.000,0,0,0.0576,0.2497,-0.0049,0.0572
301,3,1,0,0.016,-0.063,0.000,0.984,0,1,-0.000,0.000,-0.991,0,1.000,0,0,0.0576,0.2502,-0.0050,0.0570
302,3,1,0,0.016,-0.063,0.000,1.000,0,1,-0.000,0.000,-1.000,0,1.000,0,0,0.0576,0.2506,-0.0051,0.0568
303,3,1,0,0.016,-0.063,0.000,1.000,0,1,-0.000,0.000,-1.000,0,1.000,0,0,0.0576,0.2510,-0.0053,0.0565
304,3,1,0,0.016,-0.063,0.000,1.000,0,1,-0.000,0.000,-1.000,0,1.000,0,0,0.0576,0.2514,-0.0055,0.0563
305,3,1,0,0.016,-0.063,0.000,1.000,0,1,-0.000,0.000,-1.000,0,1.000,0,0,0.0576,0.2519,-0.0057,0.0561
306,3,1,0,0.016,-0.063,0.000,1.000,0,1,-0.000,0.000,-1.000,0,1.000,0,0,0.0576,0.2523,-0.0058,0.0558
307,3,1,0,0.016,-0.063,0.000,1.000,0,1,-0.000,0.000,-1.000,0,1.000,0,0,0.0576,0.2527,-0.0060,0.0556
308,3,1,0,0.016,-0.063,0.000,1.000,0,1,-0.000,0.000,-1.000,0,1.000,0,0,0.0576,0.2532,-0.0062,0.0553
309,3,1,0,0.016,-0.063,0.000,1.000,0,1,-0.000,0.000,-1.000,0,1.000,0,0,0.0576,0.2536,-0.0064,0.0550
310,3,1,0,0.016,-0.063,0.000,1.000,0,1,-0.000,0.000,-1.000,0,1.000,0,0,0.0576,0.2541,-0.0066,0.0549
311,3,1,0,0.016,-0.063,0.000,1.000,0,1,-0.000,0.000,-1.000,0,1.000,0,0,0.0576,0.2545,-0.0068,0.0546
312,3,1,0,0.016,-0.063,0.000,1.000,0,1,-0.000,0.000,-1.000,0,1.000,0,0,0.0576,0.2548,-0.0070,0.0547
313,3,1,0,0.016,-0.063,0.000,1.000,0,1,-0.000,0.000,-1.000,0,1.000,0,0,0.0576,0.2550,-0.0072,0.0547
314,3,1,0,0.016,-0.063,0.000,1.000,0,1,-0.000,0.000,-1.000,0,1.000,0,0,0.0576,0.2553,-0.0073,0.0547
315,3,1,0,0.016,-0.063,0.000,1.000,0,1,-0.000,0.000,-1.000,0,1.000,0,0,0.0576,0.2555,-0.0076,0.0548
316,3,1,0,0.016,-0.063,0.000,1.000,0,1,-0.000,0.000,-1.000,0,1.000,0,0,0.0576,0.2558,-0.0077,0.0548
317,3,1,0,0.016,-0.063,0.000,1.000,0,1,-0.000,0.000,-1.000,0,1.000,0,0,0.0576,0.2559,-0.0079,0.0548
318,3,1,0,0.016,-0.063,0.000,1.000,0,1,-0.000,0.000,-1.000,0,1.000,0,0,0.0576,0.2561,-0.0081,0.0548
319,3,1,0,0.016,-0.063,0.000,1.000,0,1,-0.000,0.000,-1.000,0,1.000,0,0,0.0576,0.2564,-0.0083,0.0549
320,3,1,0,0.016,-0.063,0.000,1.000,0,1,-0.000,0.000,-1.000,0,1.000,0,0,0.0576,0.2566,-0.0084,0.0549
321,3,1,0,0.016,-0.063,0.000,1.000,0,1,-0.000,0.000,-1.000,0,1.000,0,0,0.0576,0.2567,-0.0086,0.0549
322,3,1,0,0.016,-0.063,0.000,1.000,0,1,-0.000,0.000,-1.000,0,1.000,0,0,0.0576,0.2570,-0.0087,0.0549
323,3,1,0,0.016,-0.063,0.000,1.000,0,1,-0.000,0.000,-1.000,0,1.000,0,0,0.0576,0.2571,-0.0088,0.0549
324,3,1,0,0.016,-0.063,0.000,0.441,0,1,-0.000,0.000,-0.696,0,1.000,0,0,0.0576,0.2573,-0.0090,0.0550
325,3,1,0,0.016,-0.063,0.000,-1.000,0,1,-0.000,0.000,0.000,0,1.000,0,0,0.0576,0.2573,-0.0091,0.0550
326,3,1,0,-0.205,0.260,0.000,-1.000,0,1,-0.000,0.013,0.000,0,1.000,0,0,0.0576,0.2574,-0.0091,0.0550
327,3,1,0,-0.575,0.850,0.000,-1.000,0,1,0.433,0.800,0.000,0,1.000,0,0,0.0576,0.2577,-0.0088,0.0550
328,3,1,0,-0.575,0.850,0.000,-1.000,0,1,0.433,0.800,0.000,0,1.000,0,0,0.0576,0.2581,-0.0081,0.0552
329,3,1,0,-0.535,0.717,0.000,-1.000,0,1,0.381,0.622,0.000,0,1.000,0,0,0.0576,0.2585,-0.0071,0.0553
330,3,1,0,-0.142,0.205,0.000,-1.000,0,1,-0.000,0.000,0.000,0,1.000,0,0,0.0576,0.2587,-0.0062,0.0554
331,3,1,0,-0.331,0.189,0.000,-1.000,0,1,0.108,0.000,0.000,0,1.000,0,0,0.0576,0.2589,-0.0060,0.0554
332,3,1,0,-0.898,0.551,0.000,-1.000,0,1,0.864,0.402,0.000,1,1.000,1,0,0.0576,0.2591,-0.0059,0.0554
333,3,1,0,-0.898,0.551,0.000,-1.000,0,1,0.864,0.402,0.000,1,1.000,1,0,0.0576,0.2595,-0.0054,0.0555
334,3,1,0,-0.898,0.551,0.000,-1.000,0,1,0.864,0.402,0.000,1,1.000,1,0,0.0576,0.2598,-0.0051,0.0555
335,3,1,0,-0.898,0.551,0.000,-1.000,0,1,0.864,0.402,0.000,1,1.000,1,0,0.0576,0.2600,-0.0047,0.0556
336,3,1,0,-0.220,0.409,0.000,-1.000,0,1,-0.000,0.213,0.000,1,1.000,1,0,0.0576,0.2600,-0.0046,0.0557
337,3,1,0,1.000,0.055,0.000,-1.000,0,1,-1.000,0.000,0.000,1,1.000,1,0,0.0576,0.2598,-0.0045,0.0557
338,3,1,0,1.000,0.047,0.000,-1.000,0,1,-1.000,0.000,0.000,1,1.000,1,0,0.0576,0.2596,-0.0044,0.0559
339,3,1,0,1.000,0.047,0.000,-1.000,0,1,-1.000,0.000,0.000,1,1.000,1,0,0.0576,0.2591,-0.0038,0.0558
340,3,1,0,1.000,0.047,0.000,-1.000,0,1,-1.000,0.000,0.000,1,1.000,1,0,0.0576,0.2587,-0.0037,0.0560
341,3,1,0,1.000,0.087,0.000,-1.000,0,1,-1.000,0.000,0.000,0,1.000,0,0,0.0576,0.2582,-0.0035,0.0560
342,3,1,0,1.000,0.102,0.000,-1.000,0,1,-1.000,0.000,0.000,0,1.000,0,0,0.0576,0.2576,-0.0034,0.0562
343,3,1,0,1.000,0.047,0.000,-1.000,0,1,-1.000,0.000,0.000,0,1.000,0,0,0.0576,0.2571,-0.0032,0.0562
344,3,1,0,1.000,-0.110,0.000,-1.000,0,1,-1.000,0.000,0.000,0,1.000,0,0,0.0576,0.2566,-0.0031,0.0564
345,3,1,0,0.772,-0.551,0.000,-1.000,0,1,-0.696,-0.402,0.000,0,1.000,0,0,0.0576,0.2556,-0.0026,0.0564
346,3,1,0,0.693,-0.614,0.000,-1.000,0,1,-0.591,-0.486,0.000,0,1.000,0,0,0.0576,0.2539,-0.0027,0.0564
347,3,1,0,0.559,-0.575,0.000,-1.000,0,1,-0.412,-0.433,0.000,0,1.000,0,0,0.0576,0.2521,-0.0034,0.0567
348,3,1,0,0.488,-0.480,0.000,-1.000,0,1,-0.318,-0.307,0.000,0,1.000,0,0,0.0576,0.2510,-0.0043,0.0569
349,3,1,0,0.268,-0.268,0.000,-1.000,0,1,-0.024,-0.024,0.000,0,1.000,0,0,0.0576,0.2504,-0.0048,0.0570
350,3,1,0,0.024,-0.047,0.000,-1.000,0,1,-0.000,0.000,0.000,0,1.000,0,0,0.0576,0.2503,-0.0048,0.0570
351,3,1,0,0.024,-0.016,0.000,-0.299,0,1,-0.000,0.000,-0.294,0,1.000,0,0,0.0576,0.2503,-0.0048,0.0570
352,3,1,0,0.039,0.047,0.000,1.000,0,1,-0.000,0.000,-1.000,0,1.000,0,0,0.0576,0.2505,-0.0049,0.0569
353,3,1,0,0.535,0.346,0.000,1.000,0,1,-0.381,0.129,-1.000,0,1.000,0,0,0.0576,0.2507,-0.0048,0.0567
354,3,1,0,0.661,0.378,0.000,1.000,0,1,-0.549,0.171,-1.000,0,1.000,0,0,0.0576,0.2504,-0.0049,0.0567
355,3,1,0,0.063,0.024,0.000,1.000,0,1,-0.000,0.000,-1.000,0,1.000,0,0,0.0576,0.2502,-0.0049,0.0569
356,3,1,0,0.079,0.071,0.000,1.000,0,1,-0.000,0.000,-1.000,0,1.000,0,0,0.0576,0.2505,-0.0049,0.0569
357,3,1,0,0.559,0.307,0.000,1.000,0,1,-0.412,0.076,-1.000,0,1.000,0,0,0.0576,0.2506,-0.0051,0.0568
358,3,1,0,0.913,0.307,0.000,1.000,0,1,-0.884,0.076,-1.000,0,1.000,0,0,0.0576,0.2501,-0.0053,0.0568
359,3,1,0,0.992,0.307,0.000,1.000,0,1,-0.989,0.076,-1.000,0,1.000,0,0,0.0576,0.2488,-0.0056,0.0571
360,3,1,0,0.717,0.339,0.000,1.000,0,1,-0.622,0.118,-1.000,0,1.000,0,0,0.0576,0.2476,-0.0057,0.0578
361,3,1,0,0.567,0.441,0.000,1.000,0,1,-0.423,0.255,-1.000,0,1.000,0,0,0.0576,0.2469,-0.0056,0.0582
362,3,1,0,0.559,0.449,0.000,1.000,0,1,-0.412,0.265,-1.000,0,1.000,0,0,0.0576,0.2466,-0.0053,0.0584
363,3,1,0,0.488,0.449,0.000,1.000,0,1,-0.318,0.265,-1.000,0,1.000,0,0,0.0576,0.2463,-0.0050,0.0586
364,3,1,0,0.000,0.000,0.000,-0.228,0,1,-0.000,0.000,-0.332,0,1.000,0,0,0.0576,0.2462,-0.0047,0.0588
365,3,1,0,0.000,0.000,0.000,-1.000,0,1,-0.000,0.000,0.000,0,1.000,0,0,0.0576,0.2462,-0.0048,0.0588
366,3,1,0,0.000,-0.008,0.000,-1.000,0,1,-0.000,0.000,0.000,0,1.000,0,0,0.0576,0.2462,-0.0047,0.0588
367,3,1,1,0.000,-0.016,0.000,-1.000,0,1,0.000,0.000,0.000,1,1.000,1,1,0.0576,0.2462,-0.0047,0.0588
368,4,1,0,0.000,-0.016,0.000,-1.000,0,1,-0.000,0.000,0.000,0,0.200,0,0,0.0585,0.2485,-0.0050,0.0618
369,4,1,0,0.000,-0.016,0.000,-1.000,0,1,-0.000,0.000,0.000,0,0.400,0,0,0.0583,0.2472,-0.0048,0.0587
370,4,1,0,0.000,-0.016,0.000,-1.000,0,1,-0.000,0.000,0.000,0,0.600,0,0,0.0581,0.2480,-0.0049,0.0579
371,4,1,0,0.000,-0.016,0.000,-1.000,0,1,-0.000,0.000,0.000,0,0.800,0,0,0.0579,0.2483,-0.0048,0.0579
372,4,1,0,0.000,-0.016,0.000,-1.000,0,1,-0.000,0.000,0.000,0,1.000,0,0,0.0576,0.2488,-0.0047,0.0578
373,4,1,0,0.000,-0.016,0.000,-1.000,0,1,-0.000,0.000,0.000,0,1.000,0,0,0.0576,0.2491,-0.0045,0.0576
374,4,1,0,0.000,-0.016,0.000,0.031,0,1,-0.000,0.000,-0.474,0,1.000,0,0,0.0576,0.2490,-0.0046,0.0574
375,4,1,0,0.000,-0.016,0.000,1.000,0,1,-0.000,0.000,-1.000,0,1.000,0,0,0.0576,0.2487,-0.0046,0.0570
376,4,1,0,0.000,-0.016,0.000,1.000,0,1,-0.000,0.000,-1.000,0,1.000,0,0,0.0576,0.2484,-0.0047,0.0562
377,4,1,0,0.000,-0.016,0.000,1.000,0,1,-0.000,0.000,-1.000,0,1.000,0,0,0.0576,0.2482,-0.0049,0.0557
378,4,1,0,0.000,-0.016,0.000,1.000,0,1,-0.000,0.000,-1.000,0,1.000,0,0,0.0576,0.2481,-0.0050,0.0553
379,4,1,0,0.000,-0.016,0.000,1.000,0,1,-0.000,0.000,-1.000,0,1.000,0,0,0.0576,0.2479,-0.0053,0.0549
380,4,1,0,0.000,-0.016,0.000,1.000,0,1,-0.000,0.000,-1.000,0,1.000,0,0,0.0576,0.2478,-0.0053,0.0548
381,4,1,0,0.000,-0.016,0.000,1.000,0,1,-0.000,0.000,-1.000,0,1.000,0,0,0.0576,0.2477,-0.0054,0.0547
382,4,1,0,0.000,-0.016,0.000,1.000,0,1,-0.000,0.000,-1.000,0,1.000,0,0,0.0576,0.2476,-0.0054,0.0547
383,4,1,0,0.000,-0.016,0.000,1.000,0,1,-0.000,0.000,-1.000,0,1.000,0,0,0.0576,0.2475,-0.0054,0.0547
384,4,1,0,0.000,-0.016,0.000,1.000,0,1,-0.000,0.000,-1.000,0,1.000,0,0,0.0576,0.2475,-0.0055,0.0547
385,4,1,0,0.000,-0.016,0.000,1.000,0,1,-0.000,0.000,-1.000,0,1.000,0,0,0.0576,0.2475,-0.0055,0.0547
386,4,1,0,0.000,0.000,0.000,1.000,0,1,-0.000,0.000,-1.000,0,1.000,0,0,0.0576,0.2475,-0.0055,0.0547
387,4,1,0,-0.095,0.063,0.000,1.000,0,1,-0.000,0.000,-1.000,0,1.000,0,0,0.0576,0.2474,-0.0055,0.0547
388,4,1,0,-0.095,0.063,0.000,1.000,0,1,-0.000,0.000,-1.000,0,1.000,0,0,0.0576,0.2474,-0.0055,0.0547
389,4,1,0,-0.717,0.543,0.000,1.000,0,1,0.622,0.391,-1.000,0,1.000,0,0,0.0576,0.2474,-0.0055,0.0547
390,4,1,0,-0.472,0.409,0.000,1.000,0,1,0.297,0.213,-1.000,0,1.000,0,0,0.0576,0.2474,-0.0055,0.0547
391,4,1,0,-0.016,0.024,0.000,1.000,0,1,-0.000,0.000,-1.000,0,1.000,0,0,0.0576,0.2474,-0.0055,0.0547
392,4,1,0,0.000,0.000,0.000,1.000,0,1,-0.000,0.000,-1.000,0,1.000,0,0,0.0576,0.2474,-0.0055,0.0547
393,4,1,0,-0.126,0.063,0.000,1.000,0,1,-0.000,0.000,-1.000,0,1.000,0,0,0.0576,0.2473,-0.0055,0.0548
394,4,1,0,-0.874,0.260,0.000,0.646,0,1,0.832,0.013,-0.807,0,1.000,0,0,0.0576,0.2473,-0.0055,0.0548
395,4,1,0,-0.661,0.260,0.000,-0.362,0,1,0.549,0.013,-0.260,0,1.000,0,0,0.0576,0.2473,-0.0056,0.0548
396,4,1,0,-0.008,-0.016,0.000,-1.000,0,1,-0.000,0.000,0.000,0,1.000,0,0,0.0576,0.2473,-0.0056,0.0548
397,4,1,0,0.008,-0.039,0.000,-1.000,0,1,-0.000,0.000,0.000,0,1.000,0,0,0.0576,0.2473,-0.0056,0.0548
398,4,1,0,0.008,-0.039,0.000,-1.000,0,1,-0.000,0.000,0.000,0,1.000,0,0,0.0576,0.2473,-0.0056,0.0548
399,4,1,0,0.008,-0.039,0.000,-1.000,0,1,-0.000,0.000,0.000,0,1.000,0,0,0.0576,0.2473,-0.0056,0.0548
400,4,1,0,0.008,-0.039,0.000,-1.000,0,1,-0.000,0.000,0.000,0,1.000,0,0,0.0576,0.2473,-0.0056,0.0548
401,4,1,0,0.008,-0.039,0.000,-1.000,0,1,-0.000,0.000,0.000,0,1.000,0,0,0.0576,0.2473,-0.0056,0.0548
402,4,1,1,0.008,-0.039,0.000,-1.000,0,1,0.000,0.000,0.000,1,1.000,1,1,0.0576,0.2473,-0.0056,0.0548
403,5,1,0,0.008,-0.024,0.000,-1.000,0,1,-0.000,0.000,0.000,0,0.200,0,0,0.0593,0.2489,-0.0056,0.0620
404,5,1,0,0.016,-0.008,0.000,-1.000,0,1,-0.000,0.000,0.000,0,0.400,0,0,0.0588,0.2491,-0.0049,0.0586
405,5,1,0,0.016,-0.008,0.000,-1.000,0,1,-0.000,0.000,0.000,0,0.600,0,0,0.0584,0.2492,-0.0052,0.0583
406,5,1,0,0.016,-0.008,0.000,-1.000,0,1,-0.000,0.000,0.000,0,0.800,0,0,0.0580,0.2493,-0.0051,0.0583
407,5,1,0,0.016,-0.008,0.000,-0.740,0,1,-0.000,0.000,-0.054,0,1.000,0,0,0.0576,0.2494,-0.0048,0.0578
408,5,1,0,0.016,0.008,0.000,-0.480,0,1,-0.000,0.000,-0.195,0,1.000,0,0,0.0576,0.2494,-0.0047,0.0574
409,5,1,0,0.016,0.024,0.000,-0.354,0,1,-0.000,0.000,-0.264,0,1.000,0,0,0.0576,0.2493,-0.0048,0.0573
410,5,1,0,0.016,0.031,0.000,-0.102,0,1,-0.000,0.000,-0.401,0,1.000,0,0,0.0576,0.2493,-0.0049,0.0572
411,5,1,0,0.016,0.031,0.000,-0.118,0,1,-0.000,0.000,-0.392,0,1.000,0,0,0.0576,0.2493,-0.0051,0.0570
412,5,1,0,0.016,0.205,0.000,-0.095,0,1,-0.000,0.000,-0.405,0,1.000,0,0,0.0576,0.2492,-0.0052,0.0569
413,5,1,0,0.016,0.291,0.000,-0.087,0,1,-0.000,0.055,-0.409,0,1.000,0,0,0.0576,0.2492,-0.0054,0.0567
414,5,1,0,0.008,0.291,0.000,-0.047,0,1,-0.000,0.055,-0.431,0,1.000,0,0,0.0576,0.2492,-0.0056,0.0566
415,5,1,0,0.008,0.291,0.000,0.457,0,1,-0.000,0.055,-0.705,0,1.000,0,0,0.0576,0.2492,-0.0058,0.0564
416,5,1,0,0.008,0.291,0.000,0.866,0,1,-0.000,0.055,-0.927,0,1.000,0,0,0.0576,0.2491,-0.0061,0.0562
417,5,1,0,0.063,0.031,0.000,0.968,0,1,-0.000,0.000,-0.983,0,1.000,0,0,0.0576,0.2492,-0.0067,0.0559
418,5,1,0,0.055,0.024,0.000,0.992,0,1,-0.000,0.000,-0.996,0,1.000,0,0,0.0576,0.2492,-0.0071,0.0555
419,5,1,0,0.016,0.008,0.000,0.992,0,1,-0.000,0.000,-0.996,0,1.000,0,0,0.0576,0.2492,-0.0077,0.0553
420,5,1,0,0.008,-0.039,0.000,0.992,0,1,-0.000,0.000,-0.996,0,1.000,0,0,0.0576,0.2493,-0.0082,0.0551
421,5,1,0,0.008,-0.291,0.000,0.992,0,1,-0.000,-0.055,-0.996,0,1.000,0,0,0.0576,0.2494,-0.0090,0.0550
422,5,1,0,0.016,-0.504,0.000,0.992,0,1,-0.000,-0.339,-0.996,0,1.000,0,0,0.0576,0.2494,-0.0097,0.0549
423,5,1,0,0.047,-0.504,0.000,0.992,0,1,-0.000,-0.339,-0.996,0,1.000,0,0,0.0576,0.2494,-0.0109,0.0548
424,5,1,0,0.063,-0.307,0.000,0.992,0,1,-0.000,-0.076,-0.996,0,1.000,0,0,0.0576,0.2495,-0.0119,0.0547
425,5,1,0,0.039,-0.095,0.000,0.992,0,1,-0.000,0.000,-0.996,0,1.000,0,0,0.0576,0.2496,-0.0125,0.0546
426,5,1,0,0.031,-0.055,0.000,0.992,0,1,-0.000,0.000,-0.996,0,1.000,0,0,0.0576,0.2497,-0.0133,0.0545
427,5,1,0,0.024,-0.055,0.000,1.000,0,1,-0.000,0.000,-1.000,0,1.000,0,0,0.0576,0.2498,-0.0139,0.0545
428,5,1,0,0.024,0.087,0.000,0.992,0,1,-0.000,0.000,-0.996,0,1.000,0,0,0.0576,0.2498,-0.0145,0.0544
429,5,1,0,0.079,0.709,0.000,0.976,0,1,-0.000,0.612,-0.987,0,1.000,0,0,0.0576,0.2498,-0.0149,0.0545
430,5,1,0,0.079,0.858,0.000,0.945,0,1,-0.000,0.811,-0.970,0,1.000,0,0,0.0576,0.2499,-0.0148,0.0546
431,5,1,0,-0.008,0.016,0.000,-1.000,0,1,-0.000,0.000,0.000,0,1.000,0,0,0.0576,0.2499,-0.0147,0.0546
432,5,1,1,0.008,-0.032,0.000,-1.000,0,1,0.000,0.000,0.000,1,1.000,1,1,0.0576,0.2499,-0.0147,0.0546
433,6,1,0,0.008,-0.032,0.000,-1.000,0,1,-0.000,0.000,0.000,0,0.200,0,0,0.0610,0.2495,-0.0055,0.0623
434,6,1,0,0.016,-0.032,0.000,-1.000,0,1,-0.000,0.000,0.000,0,0.400,0,0,0.0601,0.2496,-0.0054,0.0604
435,6,1,0,0.016,-0.032,0.000,-1.000,0,1,-0.000,0.000,0.000,0,0.600,0,0,0.0593,0.2496,-0.0056,0.0597
436,6,1,0,0.008,-0.032,0.000,0.276,0,1,-0.000,0.000,-0.606,0,0.800,0,0,0.0585,0.2494,-0.0055,0.0591
437,6,1,0,0.008,-0.032,0.000,0.756,0,1,-0.000,0.000,-0.867,0,1.000,0,0,0.0576,0.2493,-0.0054,0.0582
438,6,1,0,0.008,-0.032,0.000,0.803,0,1,-0.000,0.000,-0.893,0,1.000,0,0,0.0576,0.2493,-0.0054,0.0571
439,6,1,0,0.008,0.000,0.000,0.803,0,1,-0.000,0.000,-0.893,0,1.000,0,0,0.0576,0.2495,-0.0058,0.0568
440,6,1,0,0.008,0.008,0.000,0.795,0,1,-0.000,0.000,-0.889,0,1.000,0,0,0.0576,0.2497,-0.0061,0.0566
441,6,1,0,0.008,0.047,0.000,0.795,0,1,-0.000,0.000,-0.889,0,1.000,0,0,0.0576,0.2498,-0.0065,0.0563
442,6,1,0,0.063,0.488,0.000,0.795,0,1,-0.000,0.318,-0.889,0,1.000,0,0,0.0576,0.2501,-0.0068,0.0560
443,6,1,0,0.079,0.559,0.000,0.795,0,1,-0.000,0.412,-0.889,0,1.000,0,0,0.0576,0.2504,-0.0066,0.0559
444,6,1,0,0.071,0.457,0.000,0.787,0,1,-0.000,0.276,-0.884,0,1.000,0,0,0.0576,0.2506,-0.0065,0.0560
445,6,1,0,0.024,0.024,0.000,0.772,0,1,-0.000,0.000,-0.876,0,1.000,0,0,0.0576,0.2509,-0.0064,0.0560
446,6,1,0,0.031,0.189,0.000,0.803,0,1,-0.000,0.000,-0.893,0,1.000,0,0,0.0576,0.2510,-0.0068,0.0560
447,6,1,0,0.142,0.717,0.000,0.850,0,1,-0.000,0.622,-0.919,0,1.000,0,0,0.0576,0.2513,-0.0069,0.0556
448,6,1,0,0.157,0.913,0.000,0.890,0,1,-0.000,0.884,-0.940,0,1.000,0,0,0.0576,0.2518,-0.0062,0.0558
449,6,1,0,0.157,0.968,0.000,0.898,0,1,-0.000,0.958,-0.944,0,1.000,0,0,0.0576,0.2524,-0.0051,0.0564
450,6,1,0,0.157,0.968,0.000,0.913,0,1,-0.000,0.958,-0.953,0,1.000,0,0,0.0576,0.2529,-0.0039,0.0572
451,6,1,0,0.157,0.968,0.000,0.905,0,1,-0.000,0.958,-0.949,0,1.000,0,0,0.0576,0.2534,-0.0025,0.0578
452,6,1,0,0.157,0.968,0.000,0.905,0,1,-0.000,0.958,-0.949,0,1.000,0,0,0.0576,0.2539,-0.0014,0.0583
453,6,1,0,0.039,0.220,0.000,0.858,0,1,-0.000,0.000,-0.923,0,1.000,0,0,0.0576,0.2542,-0.0008,0.0587
454,6,1,0,0.016,0.016,0.000,0.827,0,1,-0.000,0.000,-0.906,0,1.000,0,0,0.0576,0.2542,-0.0008,0.0587
455,6,1,0,0.016,0.016,0.000,0.850,0,1,-0.000,0.000,-0.919,0,1.000,0,0,0.0576,0.2543,-0.0010,0.0583
456,6,1,0,0.016,0.016,0.000,0.937,0,1,-0.000,0.000,-0.966,0,1.000,0,0,0.0576,0.2546,-0.0014,0.0580
457,6,1,0,0.008,0.016,0.000,0.992,0,1,-0.000,0.000,-0.996,0,1.000,0,0,0.0576,0.2548,-0.0018,0.0577
458,6,1,0,0.031,-0.008,0.000,1.000,0,1,-0.000,0.000,-1.000,0,1.000,0,0,0.0576,0.2549,-0.0023,0.0573
459,6,1,0,0.063,-0.008,0.000,1.000,0,1,-0.000,0.000,-1.000,0,1.000,0,0,0.0576,0.2551,-0.0027,0.0570
460,6,1,0,0.661,0.677,0.000,1.000,0,1,-0.549,0.570,-1.000,0,1.000,0,0,0.0576,0.2551,-0.0028,0.0568
461,6,1,0,0.795,0.709,0.000,1.000,0,1,-0.727,0.612,-1.000,0,1.000,0,0,0.0576,0.2542,-0.0027,0.0571
462,6,1,0,0.905,0.535,0.000,1.000,0,1,-0.874,0.381,-1.000,0,1.000,0,0,0.0576,0.2530,-0.0024,0.0577
463,6,1,0,0.905,0.260,0.000,1.000,0,1,-0.874,0.013,-1.000,0,1.000,0,0,0.0576,0.2514,-0.0026,0.0582
464,6,1,0,0.795,0.244,0.000,1.000,0,1,-0.727,0.000,-1.000,0,1.000,0,0,0.0576,0.2497,-0.0032,0.0582
465,6,1,0,0.031,-0.039,0.000,1.000,0,1,-0.000,0.000,-1.000,0,1.000,0,0,0.0576,0.2486,-0.0038,0.0581
466,6,1,0,0.031,-0.024,0.000,1.000,0,1,-0.000,0.000,-1.000,0,1.000,0,0,0.0576,0.2488,-0.0042,0.0578
467,6,1,0,0.024,0.016,0.000,1.000,0,1,-0.000,0.000,-1.000,0,1.000,0,0,0.0576,0.2488,-0.0045,0.0573
468,6,1,0,-0.236,0.567,0.000,1.000,0,1,-0.000,0.423,-1.000,0,1.000,0,0,0.0576,0.2490,-0.0049,0.0571
469,6,1,0,-0.158,0.567,0.000,1.000,0,1,-0.000,0.423,-1.000,0,1.000,0,0,0.0576,0.2493,-0.0046,0.0571
470,6,1,0,0.008,0.197,0.000,1.000,0,1,-0.000,0.000,-1.000,0,1.000,0,0,0.0576,0.2496,-0.0045,0.0572
471,6,1,0,0.024,0.039,0.000,1.000,0,1,-0.000,0.000,-1.000,0,1.000,0,0,0.0576,0.2497,-0.0049,0.0572
472,6,1,0,0.063,0.252,0.000,1.000,0,1,-0.000,0.003,-1.000,0,1.000,0,0,0.0576,0.2499,-0.0054,0.0568
473,6,1,0,0.220,0.740,0.000,1.000,0,1,-0.000,0.654,-1.000,0,1.000,0,0,0.0576,0.2502,-0.0055,0.0565
474,6,1,0,0.142,0.661,0.000,1.000,0,1,-0.000,0.549,-1.000,0,1.000,0,0,0.0576,0.2506,-0.0050,0.0566
475,6,1,0,0.024,0.370,0.000,1.000,0,1,-0.000,0.160,-1.000,0,1.000,0,0,0.0576,0.2510,-0.0047,0.0570
476,6,1,0,0.024,0.417,0.000,1.000,0,1,-0.000,0.223,-1.000,0,1.000,0,0,0.0576,0.2511,-0.0048,0.0570
477,6,1,0,0.063,0.496,0.000,1.000,0,1,-0.000,0.328,-1.000,0,1.000,0,0,0.0576,0.2514,-0.0048,0.0568
478,6,1,0,0.063,0.496,0.000,1.000,0,1,-0.000,0.328,-1.000,0,1.000,0,0,0.0576,0.2516,-0.0046,0.0568
479,6,1,0,0.063,0.496,0.000,1.000,0,1,-0.000,0.328,-1.000,0,1.000,0,0,0.0576,0.2519,-0.0045,0.0568
480,6,1,0,0.063,0.433,0.000,1.000,0,1,-0.000,0.244,-1.000,0,1.000,0,0,0.0576,0.2522,-0.0044,0.0568
481,6,1,0,0.063,0.370,0.000,1.000,0,1,-0.000,0.160,-1.000,0,1.000,0,0,0.0576,0.2525,-0.0045,0.0567
482,6,1,0,0.063,0.386,0.000,1.000,0,1,-0.000,0.181,-1.000,0,1.000,0,0,0.0576,0.2528,-0.0046,0.0566
483,6,1,0,0.260,0.740,0.000,1.000,0,1,-0.013,0.654,-1.000,0,1.000,0,0,0.0576,0.2531,-0.0046,0.0564
484,6,1,0,0.244,0.772,0.000,1.000,0,1,-0.000,0.696,-1.000,0,1.000,0,0,0.0576,0.2536,-0.0039,0.0566
485,6,1,0,0.102,0.559,0.000,1.000,0,1,-0.000,0.412,-1.000,0,1.000,0,0,0.0576,0.2540,-0.0033,0.0571
486,6,1,0,0.110,0.457,0.000,1.000,0,1,-0.000,0.276,-1.000,0,1.000,0,0,0.0576,0.2543,-0.0032,0.0572
487,6,1,0,0.409,0.441,0.000,1.000,0,1,-0.213,0.255,-1.000,0,1.000,0,0,0.0576,0.2544,-0.0031,0.0572
488,6,1,0,0.953,0.409,0.000,1.000,0,1,-0.937,0.213,-1.000,0,1.000,0,0,0.0576,0.2538,-0.0033,0.0572
489,6,1,0,1.000,0.252,0.000,1.000,0,1,-1.000,0.003,-1.000,0,1.000,0,0,0.0576,0.2520,-0.0037,0.0572
490,6,1,0,1.000,0.252,0.000,1.000,0,1,-1.000,0.003,-1.000,0,1.000,0,0,0.0576,0.2500,-0.0045,0.0573
491,6,1,0,1.000,0.252,0.000,1.000,0,1,-1.000,0.003,-1.000,0,1.000,0,0,0.0576,0.2479,-0.0052,0.0573
492,6,1,0,0.976,0.378,0.000,1.000,0,1,-0.968,0.171,-1.000,0,1.000,0,0,0.0576,0.2460,-0.0058,0.0574
493,6,1,0,0.630,0.850,0.000,1.000,0,1,-0.507,0.800,-1.000,0,1.000,0,0,0.0576,0.2443,-0.0058,0.0577
494,6,1,0,0.520,0.905,0.000,1.000,0,1,-0.360,0.874,-1.000,0,1.000,0,0,0.0576,0.2437,-0.0050,0.0585
495,6,1,0,0.433,0.905,0.000,1.000,0,1,-0.244,0.874,-1.000,0,1.000,0,0,0.0576,0.2434,-0.0041,0.0592
496,6,1,0,0.118,0.646,0.000,1.000,0,1,-0.000,0.528,-1.000,0,1.000,0,0,0.0576,0.2434,-0.0033,0.0597
497,6,1,0,-0.039,0.457,0.000,1.000,0,1,-0.000,0.276,-1.000,0,1.000,0,0,0.0576,0.2436,-0.0030,0.0601
498,6,1,0,-0.071,0.055,0.000,1.000,0,1,-0.000,0.000,-1.000,0,1.000,0,0,0.0576,0.2437,-0.0030,0.0601
499,6,1,0,-0.008,-0.016,0.000,-0.906,0,1,-0.000,0.000,0.000,0,1.000,0,0,0.0576,0.2437,-0.0031,0.0599
500,6,1,0,0.016,-0.039,0.000,-1.000,0,1,-0.000,0.000,0.000,0,1.000,0,0,0.0576,0.2437,-0.0031,0.0599
501,6,1,1,0.024,-0.039,0.000,-1.000,0,1,0.000,0.000,0.000,1,1.000,1,1,0.0576,0.2437,-0.0031,0.0599
502,7,1,0,0.024,-0.039,0.000,-1.000,0,1,-0.000,0.000,0.000,0,0.200,0,0,0.0606,0.2486,-0.0046,0.0617
503,7,1,0,0.024,-0.039,0.000,-1.000,0,1,-0.000,0.000,0.000,0,0.400,0,0,0.0599,0.2485,-0.0046,0.0600
504,7,1,0,0.024,-0.039,0.000,-1.000,0,1,-0.000,0.000,0.000,0,0.600,0,0,0.0591,0.2487,-0.0046,0.0596
505,7,1,0,0.024,-0.039,0.000,-1.000,0,1,-0.000,0.000,0.000,0,0.800,0,0,0.0584,0.2487,-0.0046,0.0589
506,7,1,0,0.024,-0.039,0.000,-1.000,0,1,-0.000,0.000,0.000,0,1.000,0,0,0.0576,0.2489,-0.0044,0.0582
507,7,1,0,0.024,-0.039,0.000,-1.000,0,1,-0.000,0.000,0.000,0,1.000,0,0,0.0576,0.2490,-0.0044,0.0576
508,7,1,0,0.024,-0.039,0.000,-1.000,0,1,-0.000,0.000,0.000,0,1.000,0,0,0.0576,0.2490,-0.0044,0.0575
509,7,0,0,0.024,-0.032,0.000,-1.000,0,1,0.000,0.000,0.000,0,1.000,0,0,0.0576,0.2490,-0.0045,0.0576
510,7,0,0,0.024,-0.032,0.000,-1.000,0,1,0.000,0.000,0.000,0,1.000,0,0,0.0576,0.2490,-0.0045,0.0576
511,7,0,0,0.024,-0.032,0.000,-1.000,0,1,0.000,0.000,0.000,0,1.000,0,0,0.0576,0.2490,-0.0045,0.0576
512,7,0,0,0.024,-0.032,0.000,-1.000,0,1,0.000,0.000,0.000,0,1.000,0,0,0.0576,0.2490,-0.0045,0.0576
513,7,0,0,0.024,-0.032,0.000,-1.000,0,1,0.000,0.000,0.000,0,1.000,0,0,0.0576,0.2490,-0.0045,0.0576
514,7,0,0,0.024,-0.032,0.000,-1.000,0,1,0.000,0.000,0.000,0,1.000,0,0,0.0576,0.2490,-0.0045,0.0576
515,7,0,0,0.024,-0.032,0.000,-1.000,0,1,0.000,0.000,0.000,0,1.000,0,0,0.0576,0.2490,-0.0045,0.0576
516,7,0,0,0.024,-0.032,0.000,-1.000,0,1,0.000,0.000,0.000,0,1.000,0,0,0.0576,0.2490,-0.0045,0.0576
517,7,0,0,0.024,-0.032,0.000,-1.000,0,1,0.000,0.000,0.000,0,1.000,0,0,0.0576,0.2490,-0.0045,0.0576
518,7,0,0,0.024,-0.032,0.000,-1.000,0,1,0.000,0.000,0.000,0,1.000,0,0,0.0576,0.2490,-0.0045,0.0576
519,7,0,0,0.016,-0.032,0.000,-1.000,0,1,0.000,0.000,0.000,0,1.000,0,0,0.0576,0.2490,-0.0045,0.0576
520,7,0,0,0.024,-0.032,0.000,-1.000,0,1,0.000,0.000,0.000,0,1.000,0,0,0.0576,0.2490,-0.0045,0.0576
521,7,0,0,0.016,-0.032,0.000,-1.000,0,1,0.000,0.000,0.000,0,1.000,0,0,0.0576,0.2490,-0.0045,0.0576
522,7,0,0,0.024,-0.032,0.000,-1.000,0,1,0.000,0.000,0.000,0,1.000,0,0,0.0576,0.2490,-0.0045,0.0576
523,7,0,0,0.024,-0.032,0.000,-1.000,0,1,0.000,0.000,0.000,0,1.000,0,0,0.0576,0.2490,-0.0045,0.0576
524,7,0,0,0.024,-0.032,0.000,-1.000,0,1,0.000,0.000,0.000,0,1.000,0,0,0.0576,0.2490,-0.0045,0.0576
525,7,0,0,0.016,-0.032,0.000,-1.000,0,1,0.000,0.000,0.000,0,1.000,0,0,0.0576,0.2490,-0.0045,0.0576
526,7,0,0,0.024,-0.032,0.000,-1.000,0,1,0.000,0.000,0.000,0,1.000,0,0,0.0576,0.2490,-0.0045,0.0576
527,7,0,0,0.024,-0.032,0.000,-1.000,0,1,0.000,0.000,0.000,0,1.000,0,0,0.0576,0.2490,-0.0045,0.0576
528,7,0,0,0.016,-0.032,0.000,-1.000,0,1,0.000,0.000,0.000,0,1.000,0,0,0.0576,0.2490,-0.0045,0.0576
529,7,0,0,0.024,-0.032,0.000,-1.000,0,1,0.000,0.000,0.000,0,1.000,0,0,0.0576,0.2490,-0.0045,0.0576
530,7,0,0,0.016,-0.032,0.000,-1.000,0,1,0.000,0.000,0.000,0,1.000,0,0,0.0576,0.2490,-0.0045,0.0576
531,7,0,0,0.016,-0.032,0.000,-1.000,0,1,0.000,0.000,0.000,0,1.000,0,0,0.0576,0.2490,-0.0045,0.0576
532,7,0,0,0.016,-0.032,0.000,-1.000,0,1,0.000,0.000,0.000,0,1.000,0,0,0.0576,0.2490,-0.0045,0.0576
533,7,0,0,0.016,-0.032,0.000,-1.000,0,1,0.000,0.000,0.000,0,1.000,0,0,0.0576,0.2490,-0.0045,0.0576
534,7,0,0,0.016,-0.032,0.000,-1.000,0,1,0.000,0.000,0.000,0,1.000,0,0,0.0576,0.2490,-0.0045,0.0576
535,7,0,0,0.024,-0.032,0.000,-1.000,0,1,0.000,0.000,0.000,0,1.000,0,0,0.0576,0.2490,-0.0045,0.0576
536,7,0,0,0.016,-0.032,0.000,-1.000,0,1,0.000,0.000,0.000,0,1.000,0,0,0.0576,0.2490,-0.0045,0.0576
537,7,0,0,0.016,-0.032,0.000,-1.000,0,1,0.000,0.000,0.000,0,1.000,0,0,0.0576,0.2490,-0.0045,0.0576
538,7,0,0,0.024,-0.032,0.000,-1.000,0,1,0.000,0.000,0.000,0,1.000,0,0,0.0576,0.2490,-0.0045,0.0576
539,7,0,0,0.016,-0.032,0.000,-1.000,0,1,0.000,0.000,0.000,0,1.000,0,0,0.0576,0.2490,-0.0045,0.0576
540,7,0,0,0.016,-0.032,0.000,-1.000,0,1,0.000,0.000,0.000,0,1.000,0,0,0.0576,0.2490,-0.0045,0.0576
541,7,0,0,0.016,-0.032,0.000,-1.000,0,1,0.000,0.000,0.000,0,1.000,0,0,0.0576,0.2490,-0.0045,0.0576
542,7,0,0,0.016,-0.032,0.000,-1.000,0,1,0.000,0.000,0.000,0,1.000,0,0,0.0576,0.2490,-0.0045,0.0576
543,7,0,0,0.016,-0.032,0.000,-1.000,0,1,0.000,0.000,0.000,0,1.000,0,0,0.0576,0.2490,-0.0045,0.0576
544,7,0,0,0.024,-0.032,0.000,-1.000,0,1,0.000,0.000,0.000,0,1.000,0,0,0.0576,0.2490,-0.0045,0.0576
545,7,0,0,0.016,-0.032,0.000,-1.000,0,1,0.000,0.000,0.000,0,1.000,0,0,0.0576,0.2490,-0.0045,0.0576
546,7,0,0,0.024,-0.032,0.000,-1.000,0,1,0.000,0.000,0.000,0,1.000,0,0,0.0576,0.2490,-0.0045,0.0576
547,7,0,0,0.024,-0.032,0.000,-1.000,0,1,0.000,0.000,0.000,0,1.000,0,0,0.0576,0.2490,-0.0045,0.0576
548,7,0,0,0.016,-0.032,0.000,-1.000,0,1,0.000,0.000,0.000,0,1.000,0,0,0.0576,0.2490,-0.0045,0.0576
549,7,0,0,0.016,-0.032,0.000,-1.000,0,1,0.000,0.000,0.000,0,1.000,0,0,0.0576,0.2490,-0.0045,0.0576
550,7,0,0,0.016,-0.032,0.000,-1.000,0,1,0.000,0.000,0.000,0,1.000,0,0,0.0576,0.2490,-0.0045,0.0576
551,7,0,0,0.016,-0.032,0.000,-1.000,0,1,0.000,0.000,0.000,0,1.000,0,0,0.0576,0.2490,-0.0045,0.0576
552,7,0,0,0.016,-0.032,0.000,-1.000,0,1,0.000,0.000,0.000,0,1.000,0,0,0.0576,0.2490,-0.0045,0.0576
553,7,0,0,0.024,-0.032,0.000,-1.000,0,1,0.000,0.000,0.000,0,1.000,0,0,0.0576,0.2490,-0.0045,0.0576
554,7,0,0,0.024,-0.032,0.000,-1.000,0,1,0.000,0.000,0.000,0,1.000,0,0,0.0576,0.2490,-0.0045,0.0576
555,7,0,0,0.024,-0.032,0.000,-1.000,0,1,0.000,0.000,0.000,0,1.000,0,0,0.0576,0.2490,-0.0045,0.0576
556,7,0,0,0.024,-0.032,0.000,-1.000,0,1,0.000,0.000,0.000,0,1.000,0,0,0.0576,0.2490,-0.0045,0.0576
557,7,0,0,0.016,-0.032,0.000,-1.000,0,1,0.000,0.000,0.000,0,1.000,0,0,0.0576,0.2490,-0.0045,0.0576
558,7,0,0,0.016,-0.032,0.000,-1.000,0,1,0.000,0.000,0.000,0,1.000,0,0,0.0576,0.2490,-0.0045,0.0576
559,7,0,0,0.016,-0.032,0.000,-1.000,0,1,0.000,0.000,0.000,0,1.000,0,0,0.0576,0.2490,-0.0045,0.0576
560,7,0,0,0.016,-0.032,0.000,-1.000,0,1,0.000,0.000,0.000,0,1.000,0,0,0.0576,0.2490,-0.0045,0.0576
561,7,0,0,0.016,-0.032,0.000,-1.000,0,1,0.000,0.000,0.000,0,1.000,0,0,0.0576,0.2490,-0.0045,0.0576
562,7,0,0,0.016,-0.032,0.000,-1.000,0,1,0.000,0.000,0.000,0,1.000,0,0,0.0576,0.2490,-0.0045,0.0576
563,7,0,0,0.016,-0.032,0.000,-1.000,0,1,0.000,0.000,0.000,0,1.000,0,0,0.0576,0.2490,-0.0045,0.0576
564,7,0,0,0.024,-0.032,0.000,-1.000,0,1,0.000,0.000,0.000,0,1.000,0,0,0.0576,0.2490,-0.0045,0.0576
565,7,0,0,0.024,-0.032,0.000,-1.000,0,1,0.000,0.000,0.000,0,1.000,0,0,0.0576,0.2490,-0.0045,0.0576
566,7,0,0,0.016,-0.032,0.000,-1.000,0,1,0.000,0.000,0.000,0,1.000,0,0,0.0576,0.2490,-0.0045,0.0576
567,7,0,0,0.024,-0.032,0.000,-1.000,0,1,0.000,0.000,0.000,0,1.000,0,0,0.0576,0.2490,-0.0045,0.0576
568,7,0,0,0.016,-0.032,0.000,-1.000,0,1,0.000,0.000,0.000,0,1.000,0,0,0.0576,0.2490,-0.0045,0.0576
569,7,0,0,0.016,-0.032,0.000,-1.000,0,1,0.000,0.000,0.000,0,1.000,0,0,0.0576,0.2490,-0.0045,0.0576
570,7,0,0,0.016,-0.032,0.000,-1.000,0,1,0.000,0.000,0.000,0,1.000,0,0,0.0576,0.2490,-0.0045,0.0576
571,7,0,0,0.016,-0.032,0.000,-1.000,0,1,0.000,0.000,0.000,0,1.000,0,0,0.0576,0.2490,-0.0045,0.0576
572,7,0,0,0.016,-0.032,0.000,-1.000,0,1,0.000,0.000,0.000,0,1.000,0,0,0.0576,0.2490,-0.0045,0.0576
573,7,0,0,0.024,-0.032,0.000,-1.000,0,1,0.000,0.000,0.000,0,1.000,0,0,0.0576,0.2490,-0.0045,0.0576
574,7,0,0,0.024,-0.032,0.000,-1.000,0,1,0.000,0.000,0.000,0,1.000,0,0,0.0576,0.2490,-0.0045,0.0576
575,7,0,0,0.016,-0.032,0.000,-1.000,0,1,0.000,0.000,0.000,0,1.000,0,0,0.0576,0.2490,-0.0045,0.0576
576,7,0,0,0.016,-0.032,0.000,-1.000,0,1,0.000,0.000,0.000,0,1.000,0,0,0.0576,0.2490,-0.0045,0.0576
577,7,0,0,0.016,-0.032,0.000,-1.000,0,1,0.000,0.000,0.000,0,1.000,0,0,0.0576,0.2490,-0.0045,0.0576
578,7,0,0,0.016,-0.032,0.000,-1.000,0,1,0.000,0.000,0.000,0,1.000,0,0,0.0576,0.2490,-0.0045,0.0576
579,7,0,0,0.016,-0.032,0.000,-1.000,0,1,0.000,0.000,0.000,0,1.000,0,0,0.0576,0.2490,-0.0045,0.0576
580,7,0,0,0.016,-0.032,0.000,-1.000,0,1,0.000,0.000,0.000,0,1.000,0,0,0.0576,0.2490,-0.0045,0.0576
581,7,0,0,0.016,-0.032,0.000,-1.000,0,1,0.000,0.000,0.000,0,1.000,0,0,0.0576,0.2490,-0.0045,0.0576
582,7,0,0,0.016,-0.032,0.000,-1.000,0,1,0.000,0.000,0.000,0,1.000,0,0,0.0576,0.2490,-0.0045,0.0576
583,7,0,0,0.016,-0.032,0.000,-1.000,0,1,0.000,0.000,0.000,0,1.000,0,0,0.0576,0.2490,-0.0045,0.0576
584,7,0,0,0.024,-0.032,0.000,-1.000,0,1,0.000,0.000,0.000,0,1.000,0,0,0.0576,0.2490,-0.0045,0.0576
585,7,0,0,0.016,-0.032,0.000,-1.000,0,1,0.000,0.000,0.000,0,1.000,0,0,0.0576,0.2490,-0.0045,0.0576
586,7,0,0,0.024,-0.032,0.000,-1.000,0,1,0.000,0.000,0.000,0,1.000,0,0,0.0576,0.2490,-0.0045,0.0576
587,7,0,0,0.024,-0.032,0.000,-1.000,0,1,0.000,0.000,0.000,0,1.000,0,0,0.0576,0.2490,-0.0045,0.0576
588,7,0,0,0.016,-0.032,0.000,-1.000,0,1,0.000,0.000,0.000,0,1.000,0,0,0.0576,0.2490,-0.0045,0.0576
589,7,0,0,0.016,-0.032,0.000,-1.000,0,1,0.000,0.000,0.000,0,1.000,0,0,0.0576,0.2490,-0.0045,0.0576
590,7,0,0,0.016,-0.032,0.000,-1.000,0,1,0.000,0.000,0.000,0,1.000,0,0,0.0576,0.2490,-0.0045,0.0576
591,7,0,0,0.016,-0.032,0.000,-1.000,0,1,0.000,0.000,0.000,0,1.000,0,0,0.0576,0.2490,-0.0045,0.0576
592,7,0,0,0.016,-0.032,0.000,-1.000,0,1,0.000,0.000,0.000,0,1.000,0,0,0.0576,0.2490,-0.0045,0.0576
593,7,0,0,0.024,-0.032,0.000,-1.000,0,1,0.000,0.000,0.000,0,1.000,0,0,0.0576,0.2490,-0.0045,0.0576
594,7,0,0,0.016,-0.032,0.000,-1.000,0,1,0.000,0.000,0.000,0,1.000,0,0,0.0576,0.2490,-0.0045,0.0576
595,7,0,0,0.024,-0.032,0.000,-1.000,0,1,0.000,0.000,0.000,0,1.000,0,0,0.0576,0.2490,-0.0045,0.0576
596,7,0,0,0.024,-0.032,0.000,-1.000,0,1,0.000,0.000,0.000,0,1.000,0,0,0.0576,0.2490,-0.0045,0.0576
597,7,0,0,0.016,-0.032,0.000,-1.000,0,1,0.000,0.000,0.000,0,1.000,0,0,0.0576,0.2490,-0.0045,0.0576
598,7,0,0,0.024,-0.032,0.000,-1.000,0,1,0.000,0.000,0.000,0,1.000,0,0,0.0576,0.2490,-0.0045,0.0576
599,7,0,0,0.016,-0.032,0.000,-1.000,0,1,0.000,0.000,0.000,0,1.000,0,0,0.0576,0.2490,-0.0045,0.0576
600,7,0,0,0.016,-0.032,0.000,-1.000,0,1,0.000,0.000,0.000,0,1.000,0,0,0.0576,0.2490,-0.0045,0.0576
601,7,0,0,0.016,-0.032,0.000,-1.000,0,1,0.000,0.000,0.000,0,1.000,0,0,0.0576,0.2490,-0.0045,0.0576
602,7,0,0,0.016,-0.032,0.000,-1.000,0,1,0.000,0.000,0.000,0,1.000,0,0,0.0576,0.2490,-0.0045,0.0576
603,7,0,0,0.016,-0.032,0.000,-1.000,0,1,0.000,0.000,0.000,0,1.000,0,0,0.0576,0.2490,-0.0045,0.0576
604,7,0,0,0.024,-0.032,0.000,-1.000,0,1,0.000,0.000,0.000,0,1.000,0,0,0.0576,0.2490,-0.0045,0.0576
